surface,nombre_pieces,distance_centre,anciennete_batiment,etage,balcon,parking,quartier,prix
122,5,11.528048594284112,45,2,1,0,peripherie,571351.0
71,6,6.060635011951422,29,9,0,0,centre,399258.0
112,1,22.290077445156683,56,6,0,1,residentiel,465500.0
34,6,11.540181589879069,17,1,1,0,residentiel,215187.0
126,3,22.120256291174446,50,3,1,1,centre,579655.0
91,1,3.0894902577037153,47,10,1,0,residentiel,495995.0
80,6,24.71274413950322,65,5,1,0,residentiel,352092.0
40,5,11.360190642368648,7,10,1,0,centre,329863.0
122,5,1.6718550996555839,21,8,0,1,centre,681437.0
102,2,1.4315352818176454,5,4,0,0,peripherie,438811.0
106,6,18.782077808305047,75,8,0,1,centre,487940.0
94,4,16.64637058799018,56,4,0,0,peripherie,391398.0
94,6,20.152198674125895,35,9,0,1,centre,503390.0
107,1,3.081504581843746,78,7,0,1,peripherie,423558.0
136,1,1.3714862423709344,56,0,0,0,peripherie,559449.0
119,6,12.960192591465672,48,6,0,1,peripherie,545979.0
123,3,9.996083171327854,44,3,0,0,peripherie,518976.0
43,5,11.817699948438417,65,4,0,1,residentiel,213293.0
22,1,24.793916017321713,76,5,0,0,residentiel,50000.0
41,5,24.28337396293142,44,4,1,0,residentiel,185232.0
72,1,23.586727046993225,78,11,0,1,centre,341573.0
21,2,19.70414558080801,19,0,0,1,centre,183495.0
107,4,9.193613326293814,63,11,1,0,peripherie,472982.0
127,1,10.597207791437905,66,8,0,1,residentiel,553238.0
49,5,13.96559307111365,2,1,0,0,residentiel,268402.0
57,2,20.84809418191858,53,8,0,0,peripherie,177523.0
21,1,2.18346439669756,77,9,0,1,residentiel,152602.0
83,3,10.89527370417976,63,1,1,0,residentiel,405221.0
79,4,2.524132754752083,39,8,0,0,peripherie,361921.0
40,1,13.109110871051033,58,5,1,1,centre,308324.0
52,2,22.52307018815277,54,10,0,0,residentiel,203279.0
95,3,19.67088065181648,61,8,0,1,peripherie,360178.0
77,6,6.082139229806194,3,5,0,0,peripherie,431304.0
41,2,24.411775815170415,59,5,0,0,peripherie,50000.0
127,2,16.850084752137494,74,10,0,0,residentiel,529826.0
108,3,0.7554786352363752,29,1,0,1,peripherie,508236.0
68,2,6.757630374787878,1,7,0,1,centre,465653.0
110,3,6.887475848037956,61,2,0,0,centre,547517.0
78,1,2.1967305040035683,48,6,0,0,residentiel,376389.0
61,3,24.01574969286026,8,4,1,1,residentiel,333311.0
111,3,12.217254717110132,30,2,0,0,residentiel,479450.0
79,4,22.44745763561111,60,0,0,1,residentiel,361404.0
99,3,8.394279834393394,78,7,0,0,centre,438005.0
34,3,3.5682224756042644,47,2,0,1,residentiel,228374.0
81,6,12.12123469270224,24,1,1,0,peripherie,385266.0
81,1,3.2919375505007706,35,0,0,1,residentiel,364102.0
66,4,12.407379822949729,7,3,1,1,centre,428798.0
81,6,23.04728093987549,72,7,0,0,residentiel,344184.0
70,5,13.258819474938212,57,2,1,0,residentiel,325322.0
127,1,15.604243308929545,44,0,0,1,residentiel,524875.0
74,1,4.337641705858303,61,3,1,1,residentiel,385623.0
135,5,1.5715228340592524,38,8,0,0,residentiel,670958.0
83,3,3.2147950734052726,57,0,0,0,peripherie,353719.0
22,6,15.164023604266959,63,11,0,1,centre,192047.0
120,2,2.827786625311464,43,10,0,0,residentiel,551239.0
70,4,9.71182580356213,28,1,1,1,residentiel,448813.0
26,2,13.977252541224823,58,8,0,0,residentiel,108221.0
40,5,10.021993566431252,70,1,0,1,centre,236495.0
92,1,4.5102531358998865,8,2,0,1,centre,518175.0
58,1,7.207887034095609,5,6,0,1,residentiel,327549.0
37,4,23.243779554790137,28,2,0,0,peripherie,114209.0
23,1,17.061565751865707,57,8,1,1,peripherie,126041.0
108,1,12.65317204765722,16,5,0,0,residentiel,461670.0
79,4,0.8115148046788911,15,2,1,1,peripherie,429796.0
33,6,24.81417731199202,2,8,0,0,centre,206984.0
133,6,16.95064590491876,20,0,0,0,peripherie,556747.0
28,4,8.264600694951152,63,9,1,1,residentiel,242177.0
109,5,22.042082169947037,35,2,0,0,residentiel,483589.0
72,1,6.831574697149543,61,0,0,1,peripherie,296324.0
21,1,13.828406189977414,41,1,0,1,peripherie,50000.0
103,5,16.083733711380717,75,11,0,1,peripherie,413391.0
111,6,5.916052600616347,41,7,0,0,centre,636572.0
130,3,24.4707333306146,60,6,1,0,peripherie,506036.0
79,3,18.83070169648544,12,1,0,1,peripherie,331800.0
90,3,14.166424025021213,10,1,0,0,residentiel,438633.0
63,6,4.924567655294871,53,8,1,0,centre,407956.0
27,6,1.8195260714516401,15,5,1,0,centre,270546.0
66,5,8.341465896764095,7,4,0,0,peripherie,317285.0
54,1,18.953089729878368,58,9,0,1,residentiel,286428.0
97,5,7.098616808399614,56,5,0,0,residentiel,472955.0
100,5,13.719127402139875,39,8,1,1,residentiel,472257.0
55,6,18.334705829903207,58,10,1,0,residentiel,291384.0
69,3,3.1446210088383766,1,6,0,0,residentiel,424671.0
123,2,17.289801394838896,75,9,0,0,residentiel,474776.0
23,1,2.750836748896095,9,9,0,0,peripherie,122251.0
21,6,24.145678682111416,43,8,1,0,residentiel,162934.0
25,3,12.46565618659102,10,3,0,1,peripherie,140843.0
73,2,4.191564638891996,78,1,1,0,residentiel,335358.0
125,2,8.88839908282189,79,11,1,0,centre,558589.0
23,6,10.628703007733906,1,7,0,0,residentiel,227664.0
73,4,19.075532771375165,49,3,0,0,residentiel,310624.0
112,1,18.713882758876927,11,8,0,1,centre,501327.0
82,2,15.49254238076461,22,3,0,0,peripherie,287660.0
37,6,3.0953024576830774,17,7,0,0,residentiel,257627.0
109,6,4.2134496038980025,61,8,0,0,centre,544932.0
63,3,2.7970445558161376,61,8,1,1,centre,373611.0
53,4,14.640733190544976,37,9,1,0,residentiel,341474.0
93,1,21.9898918170294,66,3,0,1,peripherie,341523.0
81,5,11.128112550241909,37,0,0,0,residentiel,328518.0
119,3,4.4407802619647825,66,2,0,1,residentiel,548399.0
33,2,14.172036966149692,60,8,1,1,residentiel,180361.0
114,2,20.38792931320989,0,3,1,1,residentiel,512119.0
67,3,18.671945507066784,44,4,0,0,centre,341608.0
34,6,22.095544102038023,27,6,0,0,centre,171331.0
91,2,7.308601382597262,20,4,0,0,residentiel,468844.0
97,4,5.251869748060484,12,3,0,0,centre,573857.0
106,1,22.0555039055775,26,1,0,0,centre,533620.0
81,4,16.610227663061565,6,1,1,0,peripherie,327506.0
59,2,8.117758785185078,21,3,1,1,centre,347815.0
104,5,18.687527239026476,73,9,0,0,peripherie,413810.0
99,1,20.470400419769014,52,9,1,0,peripherie,399721.0
128,1,15.566966888357742,78,8,1,0,residentiel,549739.0
101,3,17.35316069205792,78,7,0,1,residentiel,457657.0
130,3,9.693867658845324,3,2,0,0,centre,693192.0
72,5,13.698043849904458,22,8,1,1,peripherie,369313.0
43,6,13.341899682790975,69,4,0,0,residentiel,205290.0
45,1,21.27717088270391,75,10,1,0,residentiel,131825.0
108,5,21.079117516913474,32,2,1,0,centre,528970.0
79,3,20.90067149900256,27,4,1,0,peripherie,315525.0
128,3,0.770274549430412,7,9,1,1,centre,702662.0
60,1,18.86386436948776,0,3,1,1,residentiel,317621.0
48,4,19.08757155771962,36,7,1,0,residentiel,218234.0
34,2,17.120281159950974,62,11,0,1,centre,228112.0
64,3,19.02848411834059,21,4,0,0,residentiel,305746.0
84,6,21.128274101669362,69,9,0,1,peripherie,327061.0
108,6,12.022816825493749,20,11,1,1,peripherie,540441.0
90,3,12.800230230466955,34,7,0,0,peripherie,345372.0
28,4,3.5554943943290667,78,8,0,0,residentiel,135463.0
107,4,9.941709134660364,4,3,0,0,residentiel,514758.0
20,5,16.262446907838715,59,6,1,1,centre,181383.0
127,6,19.619794515608227,45,1,1,0,residentiel,580961.0
27,5,5.821622893434658,49,5,1,1,centre,263553.0
107,6,3.8766610294012676,47,7,0,1,residentiel,524962.0
82,2,16.74452911026206,5,11,1,0,residentiel,408476.0
30,2,0.5460571463603108,55,6,1,0,residentiel,177337.0
134,1,4.8701283155295805,58,6,0,1,residentiel,526530.0
100,5,1.2122488184268665,28,7,0,0,peripherie,555847.0
27,3,4.588685387444338,70,6,0,1,residentiel,150573.0
54,5,4.942322358174878,76,4,1,0,peripherie,225323.0
54,3,9.998003071384659,17,6,0,0,peripherie,212046.0
52,4,10.357014554820621,1,9,0,0,residentiel,281613.0
24,5,21.919430529950827,7,2,1,1,residentiel,180465.0
125,4,12.997687956221217,74,4,0,0,centre,607503.0
122,2,18.223416757501013,53,6,0,1,peripherie,478259.0
60,2,3.0513652690470425,37,8,0,0,residentiel,307531.0
47,1,6.023249508860499,47,1,0,1,peripherie,231225.0
26,5,17.72211430397758,26,3,1,1,residentiel,179263.0
92,4,1.7936970314789382,19,11,0,0,peripherie,447751.0
91,3,12.421642724971951,11,6,0,1,peripherie,396985.0
31,2,15.18453965874188,42,0,0,0,residentiel,179382.0
53,2,15.252568279285786,60,1,0,0,residentiel,240629.0
52,3,1.0618538760670297,30,8,0,0,residentiel,300459.0
67,4,8.391646103615045,60,9,1,1,residentiel,354843.0
138,4,16.094020950704273,73,6,1,1,centre,659975.0
42,5,4.150493535656464,66,11,1,1,peripherie,232214.0
81,5,17.537683384037305,34,9,1,0,residentiel,363348.0
107,6,18.775167615935025,14,6,0,1,peripherie,516354.0
56,6,24.558245165930558,15,5,0,0,peripherie,225068.0
118,1,5.641128873982031,12,2,1,1,residentiel,643915.0
63,2,20.71570135781982,34,9,0,0,peripherie,235840.0
123,5,13.247266134507024,74,2,0,1,residentiel,490007.0
105,4,9.64983360553225,58,1,0,1,peripherie,417185.0
110,3,3.4982305544668595,20,10,0,1,residentiel,519105.0
54,4,18.519887358944672,53,5,0,1,residentiel,225929.0
84,2,6.278511179020334,74,3,1,0,residentiel,342985.0
118,6,9.59983904588962,29,4,0,1,residentiel,603015.0
120,4,2.032284558985527,47,2,0,0,residentiel,565085.0
66,1,20.133489437578216,34,5,1,1,residentiel,329646.0
97,2,19.28141883730526,37,10,1,1,residentiel,455663.0
22,6,18.473587836036653,30,11,0,1,peripherie,118935.0
20,3,7.8363660070512235,77,2,0,0,residentiel,146753.0
24,6,4.750261819515952,23,7,1,0,residentiel,229445.0
109,1,16.12005497952063,48,8,1,0,residentiel,472767.0
138,2,12.656076410773876,31,3,1,1,peripherie,582668.0
33,3,4.867185439163719,54,8,1,0,peripherie,133167.0
122,1,17.304826140721662,78,11,1,0,residentiel,521096.0
46,6,24.78259757962194,57,6,0,1,centre,276128.0
28,1,18.806879899679924,2,2,1,1,residentiel,220665.0
98,2,18.62966647379749,79,6,0,0,residentiel,392469.0
34,5,23.782662446799495,68,0,1,0,peripherie,86533.0
109,1,5.471941005585103,9,2,0,1,residentiel,556723.0
61,1,14.35597414057529,24,5,0,0,peripherie,232347.0
96,6,24.501344518330143,67,3,0,1,residentiel,438380.0
70,6,4.549705718769276,60,6,0,0,peripherie,353634.0
82,3,17.656173006390766,28,2,0,1,centre,424589.0
115,6,14.852348576311599,18,0,0,0,peripherie,547750.0
122,4,14.86873775862332,42,8,0,0,peripherie,532868.0
132,2,17.592930374241842,65,5,1,1,peripherie,533767.0
71,2,23.275614610454262,73,7,0,1,centre,336204.0
115,5,19.67325752635778,60,2,1,0,centre,553181.0
23,5,1.8753345336971452,42,7,1,1,residentiel,226186.0
113,2,21.391836486954926,24,1,1,0,centre,583157.0
120,5,6.025762583180449,19,11,0,1,centre,678950.0
42,3,9.734397036041113,47,3,1,1,centre,269605.0
122,6,11.812453933503363,23,2,0,0,residentiel,561057.0
128,2,12.282197018450207,10,9,0,1,residentiel,591735.0
34,5,11.161919781756241,54,0,0,0,centre,232371.0
62,2,23.46515570828868,27,6,0,0,centre,290634.0
48,4,17.797465687768604,68,10,1,1,residentiel,254441.0
55,1,15.963680825939306,62,9,0,1,residentiel,264537.0
32,6,1.7211296806820682,58,1,1,0,centre,320094.0
51,2,22.645876591379178,4,3,1,0,residentiel,242978.0
90,1,22.78005970420571,50,8,0,0,peripherie,271656.0
78,5,19.615220054037508,20,5,0,1,peripherie,393757.0
134,1,0.6722154934336693,11,7,0,0,peripherie,566520.0
105,6,1.9033661514017721,49,1,0,0,peripherie,443028.0
47,2,6.017980705577999,3,6,0,0,residentiel,322998.0
85,4,3.718060499550214,41,5,1,0,residentiel,473743.0
61,5,10.271482727741372,37,8,1,0,residentiel,351671.0
64,2,23.104264923150847,24,6,0,0,residentiel,270287.0
81,6,12.065480637826457,13,0,0,0,residentiel,414291.0
76,5,0.8283643475880574,74,7,1,0,residentiel,384830.0
136,3,7.427269394679669,31,10,0,1,residentiel,651228.0
25,1,1.5925752551375578,10,9,1,0,centre,247041.0
47,6,1.389046754030803,60,2,0,1,peripherie,217577.0
47,3,7.25513640084103,17,1,0,1,centre,306401.0
127,2,7.252502297634162,26,11,1,1,residentiel,583018.0
63,4,19.7846017637393,54,2,0,1,centre,329102.0
103,5,24.383448993137243,53,10,1,0,residentiel,456510.0
49,1,9.594573800304959,74,5,1,0,centre,303082.0
81,5,11.007728532095445,20,2,0,0,peripherie,375462.0
94,2,21.197341189007524,43,9,0,0,residentiel,376808.0
138,5,7.069405992340078,4,4,1,1,residentiel,716048.0
111,1,4.331354207884475,40,5,1,1,residentiel,562211.0
108,2,21.400695773389437,58,7,0,1,residentiel,460588.0
122,5,1.6392643677816046,53,6,1,0,peripherie,578620.0
81,4,15.682636284885685,73,10,0,1,residentiel,379037.0
116,6,14.268824762936767,21,7,0,0,peripherie,509443.0
20,2,8.97505096379151,64,2,1,0,peripherie,54992.0
46,6,8.222143266885295,63,3,0,0,peripherie,185583.0
81,2,19.410514291449722,70,5,1,1,residentiel,330131.0
135,4,2.617402963682389,3,10,0,0,centre,696086.0
96,6,6.301215578128942,64,6,0,1,residentiel,532707.0
124,3,18.4449939300332,14,8,0,1,residentiel,585360.0
22,1,13.933854301297394,75,0,0,1,peripherie,50000.0
122,3,3.6357111090728664,21,7,1,0,peripherie,556778.0
89,5,22.112322549910473,46,7,0,1,peripherie,376129.0
91,4,10.139472240807994,45,5,0,1,peripherie,435303.0
46,3,20.782775195393235,13,3,0,0,centre,277442.0
28,2,19.798968880428863,49,2,0,0,centre,167643.0
81,5,15.798423438557338,19,10,1,0,residentiel,408142.0
56,5,12.614787716729778,49,2,0,0,peripherie,229245.0
116,3,24.498995589353044,32,5,0,0,peripherie,426319.0
70,3,4.051644273305517,58,7,0,1,residentiel,367695.0
125,4,18.266315325002314,42,6,0,0,peripherie,533283.0
63,1,5.184172185887331,78,10,0,0,peripherie,243240.0
43,3,8.787446080642535,11,0,0,1,peripherie,264612.0
98,3,8.063119212643283,39,10,0,0,peripherie,415066.0
78,6,23.702381699598714,19,5,1,1,residentiel,387368.0
137,2,24.20022635581274,37,6,1,0,residentiel,593402.0
51,6,4.983878383750815,2,11,0,1,centre,407128.0
115,6,1.0398614272888524,27,6,0,0,residentiel,604328.0
107,5,18.14019697174627,55,8,0,1,residentiel,497340.0
124,1,10.740753379826867,12,10,0,0,centre,601297.0
71,2,2.6765860046453276,76,10,0,1,peripherie,312325.0
132,4,17.251975586637542,65,9,0,0,residentiel,586652.0
81,4,13.855085442387143,36,4,0,1,peripherie,384010.0
132,3,24.522662139027098,48,0,0,0,residentiel,520133.0
77,3,6.0715326486037835,65,1,0,0,residentiel,357625.0
71,4,10.397457970000431,35,3,0,1,residentiel,408837.0
31,3,13.792372183187862,53,4,0,0,centre,174329.0
58,1,19.896649717107117,25,8,0,1,residentiel,255826.0
21,6,13.946547089641438,74,10,0,1,residentiel,160647.0
22,3,15.516053941117756,71,0,0,1,centre,158668.0
132,5,6.040602763953548,39,2,0,0,residentiel,604633.0
120,3,21.249508838169717,42,4,0,1,centre,530640.0
132,2,11.001448400776656,21,2,0,1,peripherie,579684.0
75,1,3.953510874283347,19,3,0,1,centre,428198.0
100,2,16.772603905382727,7,2,0,0,residentiel,413294.0
78,2,5.794216103040034,28,3,0,0,peripherie,321540.0
132,5,2.8902815008628435,39,0,1,0,residentiel,667249.0
21,1,21.61867925590467,29,11,0,0,peripherie,50000.0
21,1,11.773975479966772,54,7,0,0,peripherie,89944.0
111,1,18.857450961046524,15,3,1,0,peripherie,400118.0
73,1,7.619395215255699,45,6,0,1,centre,431082.0
106,1,19.780768305482823,61,1,0,1,peripherie,379670.0
120,5,3.242430212027493,6,1,1,1,peripherie,596241.0
115,3,9.221347657973892,79,5,1,0,residentiel,471845.0
116,2,24.46251454035145,44,1,0,0,centre,512808.0
20,1,19.952748051016147,58,5,0,1,residentiel,50000.0
38,3,12.68277029270986,55,10,0,1,peripherie,182158.0
21,3,8.824548053266184,47,1,0,1,residentiel,107380.0
72,2,21.867324650550675,26,3,0,1,peripherie,247172.0
63,5,13.848770097570634,52,6,0,0,centre,311749.0
109,4,19.08141293779322,72,7,0,1,peripherie,409716.0
51,4,18.97563816774602,34,2,1,0,residentiel,277137.0
89,3,0.9396691249280498,50,8,1,0,centre,537710.0
51,6,3.5932176784190295,36,1,0,1,residentiel,311109.0
138,6,16.660919476671186,56,7,0,0,centre,652123.0
87,2,4.459685376503851,7,7,0,0,centre,502139.0
74,4,6.759586944062315,78,3,1,0,residentiel,346309.0
94,3,23.692629877890376,19,0,0,0,residentiel,413045.0
75,5,14.22446533018534,52,0,0,1,peripherie,320312.0
36,4,18.892872921484006,11,1,0,0,peripherie,141038.0
57,3,14.170528100174677,48,11,0,0,residentiel,231308.0
43,3,14.036583562176768,16,8,0,0,centre,277398.0
88,1,2.8067217980795984,63,1,1,0,residentiel,435236.0
135,5,8.919748218923024,41,1,1,0,peripherie,578624.0
117,1,7.419557017819537,28,5,0,1,residentiel,508025.0
89,2,10.072844957533524,18,6,0,0,centre,459556.0
105,1,20.059432611496042,10,6,0,1,residentiel,517736.0
30,1,9.61235036396319,49,8,1,1,peripherie,172156.0
131,4,11.566572071176227,70,5,1,1,residentiel,594205.0
35,6,10.235844066890255,57,7,1,0,peripherie,186662.0
116,3,2.7884953133947423,33,10,1,0,residentiel,600079.0
92,5,11.306267877144201,19,5,0,1,centre,559987.0
78,1,5.292427189590618,49,1,0,0,residentiel,316412.0
89,5,5.0747207464395165,9,0,0,1,residentiel,468218.0
99,6,2.803884558639526,31,4,1,1,centre,546643.0
112,6,9.238438866473237,51,8,0,1,centre,580805.0
22,1,19.058306177340725,14,7,0,1,centre,199154.0
39,2,7.272821419293204,2,3,1,1,centre,304152.0
78,1,8.152552996195082,36,4,0,0,residentiel,327761.0
55,4,16.245529112974378,39,4,0,1,peripherie,242507.0
38,3,5.298099908379513,71,5,1,0,residentiel,214466.0
109,2,22.47546929537659,39,2,0,0,residentiel,419010.0
86,1,13.244667819663084,55,4,0,1,residentiel,368493.0
38,5,11.466272037845316,22,1,1,1,residentiel,269632.0
39,2,14.166594702265435,10,9,0,1,centre,294667.0
115,2,4.567840678696789,63,0,1,1,residentiel,532091.0
90,1,15.530091896659819,7,10,0,0,residentiel,398520.0
71,2,9.395968047533255,55,0,0,1,centre,423628.0
124,5,22.481065353633163,59,9,1,1,peripherie,512966.0
52,6,4.63692806360331,9,6,0,1,residentiel,363507.0
59,2,12.922752044703305,38,1,0,0,residentiel,283779.0
58,6,15.153759419540942,27,3,1,0,centre,317190.0
101,5,1.31789824376634,48,4,0,1,residentiel,527724.0
123,1,9.410481556525436,35,6,0,0,peripherie,462220.0
20,3,18.449563250170403,12,1,0,0,residentiel,113557.0
30,2,20.599248932499847,35,5,0,1,centre,222731.0
111,3,8.172468873023417,25,0,0,0,residentiel,497135.0
76,5,20.065535173377405,3,6,0,0,centre,376810.0
108,2,24.210018989033028,63,8,1,0,residentiel,484957.0
69,6,21.493411433839807,37,4,1,0,residentiel,309397.0
42,4,3.3822777099034673,21,4,0,1,centre,290998.0
50,3,18.623393136095746,1,3,0,0,centre,334994.0
113,2,8.331837394793347,30,2,0,0,residentiel,489177.0
61,3,24.716191740595875,10,8,0,1,residentiel,340416.0
118,2,12.391295087417234,45,4,1,1,centre,601383.0
26,1,3.499630509794055,61,7,1,1,peripherie,166550.0
35,6,18.267045926671074,68,8,1,0,residentiel,188117.0
109,3,8.413774360462238,63,4,0,0,residentiel,510444.0
131,4,24.92841484850071,9,9,0,1,centre,620689.0
135,4,24.504670217435788,39,8,0,0,residentiel,556394.0
79,5,16.575283441504226,23,1,0,1,residentiel,348399.0
132,2,3.680747999317081,43,8,0,0,peripherie,589712.0
21,3,17.32809444303821,59,10,1,0,peripherie,76941.0
20,5,2.7792469182706667,61,3,0,1,centre,184790.0
67,3,1.2194218980086118,16,5,1,1,residentiel,372009.0
31,2,20.66248193242641,64,5,0,1,residentiel,133327.0
88,4,5.638947218250193,56,5,0,0,residentiel,463363.0
56,1,9.786164592367886,54,1,0,0,peripherie,194099.0
51,4,24.34970605441624,52,6,0,1,residentiel,210915.0
138,5,8.75259229559703,55,5,0,1,centre,669039.0
28,6,7.763999641441224,8,10,0,0,residentiel,260460.0
124,1,22.996095990757993,21,0,1,0,centre,548932.0
118,5,3.2133369103144735,12,1,0,0,peripherie,545474.0
38,2,19.109769047808477,47,6,0,1,residentiel,203659.0
67,1,24.707606382992964,17,0,1,1,residentiel,324560.0
99,5,22.581752263978895,75,0,1,1,residentiel,425941.0
22,2,16.465864008307435,39,0,1,0,peripherie,53195.0
39,4,8.194489477321934,16,7,0,1,peripherie,258759.0
43,6,6.73088853886876,14,3,1,0,residentiel,272133.0
73,2,20.5717500693508,14,3,0,0,residentiel,318342.0
139,3,22.055636891816533,78,1,0,1,residentiel,528958.0
52,2,13.373155357369475,62,10,0,0,centre,295516.0
43,2,6.48632854926842,38,10,0,0,centre,261826.0
135,6,3.267108606073752,12,10,0,0,centre,713274.0
94,3,2.6358969618798636,31,0,0,0,centre,521216.0
132,5,18.11739746016946,8,11,0,1,residentiel,608351.0
91,5,10.792908832269262,39,9,0,1,peripherie,438009.0
55,2,22.681316919807823,19,8,0,1,residentiel,255102.0
57,3,18.62194686780571,76,6,1,1,centre,269891.0
123,3,5.185880238907374,79,3,1,1,residentiel,553193.0
103,6,15.537546760984625,72,11,0,0,residentiel,443514.0
118,4,11.169883632754905,62,5,1,0,centre,569604.0
131,5,14.64261840383102,75,1,1,1,peripherie,522688.0
108,6,18.58269352179367,43,6,0,0,residentiel,498423.0
118,1,20.251799084592875,37,1,0,1,peripherie,428001.0
44,5,21.171564496964745,59,9,1,0,residentiel,152271.0
112,6,6.722384427014606,70,7,1,1,residentiel,614262.0
37,5,1.2623321979752633,47,7,0,1,centre,309030.0
129,4,18.612721011536944,17,0,0,0,residentiel,627593.0
101,1,3.1054212932664775,15,7,0,0,centre,511140.0
85,4,8.215529921017708,54,1,0,1,peripherie,385841.0
73,1,0.593519786046505,38,5,1,0,peripherie,360688.0
54,2,17.20090231883969,67,0,1,0,peripherie,172563.0
99,6,4.5947342810449205,58,4,0,1,peripherie,427207.0
80,1,16.554419037445626,61,10,1,0,peripherie,290548.0
60,4,24.79769412061205,12,6,0,1,centre,355268.0
119,5,2.280436354445399,5,9,1,0,residentiel,655824.0
52,1,2.388411292810787,76,0,0,0,residentiel,230600.0
87,6,8.839312270333535,59,1,0,1,residentiel,460995.0
52,1,21.72646959915788,13,6,0,0,peripherie,203110.0
33,3,5.7804817853876305,53,5,0,0,centre,210577.0
40,5,9.329256588293516,3,2,0,0,centre,262037.0
67,6,2.1783824623609993,38,9,0,0,peripherie,344137.0
39,6,19.19730463584279,71,1,0,0,residentiel,149243.0
139,2,10.503505397606553,24,9,1,0,centre,695831.0
27,4,19.101593959990648,76,3,0,0,peripherie,86383.0
26,2,22.63839218649648,31,2,0,0,peripherie,68403.0
86,6,6.202697103981574,58,6,0,1,centre,522897.0
36,5,20.28120274332881,62,7,1,1,peripherie,127529.0
52,1,1.9478003069172052,37,1,0,0,peripherie,250669.0
67,1,22.52176101041606,52,9,1,1,peripherie,292489.0
95,5,16.44382941518931,66,6,1,1,peripherie,410855.0
78,6,21.918554741389613,27,7,0,1,residentiel,449036.0
134,1,0.5046157891362565,2,5,0,1,residentiel,654798.0
105,1,4.642486223721817,79,5,0,0,centre,472680.0
138,1,10.049104991949056,21,9,0,1,centre,703577.0
41,4,9.797821132680605,37,0,1,0,residentiel,239969.0
129,4,6.054894381626012,71,3,1,0,residentiel,575735.0
49,3,9.849492526746403,71,0,0,1,centre,291904.0
57,2,3.6567934440062433,61,3,0,0,residentiel,282190.0
121,5,10.612647667017638,56,1,1,0,centre,590199.0
128,5,20.157681064401974,5,10,0,1,peripherie,581274.0
70,5,12.237216546032105,77,4,0,1,residentiel,352645.0
73,3,0.9410021791577672,31,9,0,1,residentiel,399995.0
27,4,10.825379018691562,9,8,0,1,residentiel,227936.0
46,6,1.1657878942256819,2,10,1,0,centre,369644.0
46,6,24.172963562316557,58,11,0,0,peripherie,141749.0
117,3,3.62262200586029,75,9,0,1,residentiel,578811.0
40,6,17.83836399510016,48,2,1,0,residentiel,232109.0
49,5,24.333019910856102,58,7,0,1,centre,216663.0
116,2,20.73795676583101,30,2,1,0,residentiel,496662.0
47,1,17.63322669059199,68,5,0,0,centre,221726.0
130,4,21.066792282768787,61,3,0,0,residentiel,540438.0
83,4,24.55406798488538,51,7,1,1,residentiel,396616.0
116,3,15.722940182711476,40,10,0,0,peripherie,473069.0
88,4,14.200027767318499,30,5,0,0,residentiel,411585.0
80,5,15.891833706350393,21,7,0,0,centre,430800.0
67,6,13.550559225658096,3,0,0,0,centre,432553.0
38,5,16.05968309478811,12,5,0,0,residentiel,240965.0
23,3,11.521134095327701,44,0,1,0,centre,191795.0
54,5,5.851857980641024,41,0,1,0,centre,354639.0
83,6,3.446057049536053,48,7,1,0,peripherie,395018.0
68,2,2.1743529205403798,19,6,0,0,centre,398421.0
36,3,6.951236701953402,76,2,0,1,peripherie,171487.0
63,2,1.630027326225479,53,5,0,1,centre,401457.0
111,1,14.395684108024946,35,8,1,0,peripherie,439701.0
49,2,7.453796952076247,0,6,0,0,residentiel,287410.0
112,1,20.70110279813229,14,11,0,0,peripherie,455008.0
65,1,2.318901388215468,76,2,1,1,centre,378713.0
136,2,6.045611611366406,16,5,0,0,peripherie,605277.0
25,3,18.391030603708575,23,10,0,0,peripherie,66130.0
118,6,15.17080326139554,57,3,1,1,residentiel,539515.0
124,5,2.0800361456046046,71,2,1,0,residentiel,624275.0
56,5,21.99236670047391,22,8,0,1,peripherie,287752.0
43,6,21.9929131892414,45,9,0,0,centre,210887.0
112,1,8.594996094956459,71,1,1,1,residentiel,505924.0
132,1,8.839943162064335,7,0,0,0,peripherie,581511.0
65,3,24.731194779579262,58,1,0,1,residentiel,209346.0
72,4,15.841316204031886,58,6,0,1,centre,353122.0
114,2,13.517254753917449,12,9,0,0,residentiel,527185.0
118,1,21.034728497022147,38,0,0,0,peripherie,416847.0
79,5,7.489613289754253,27,5,0,0,centre,457515.0
116,3,11.014973538210743,60,6,0,1,centre,607610.0
135,2,7.060528549464188,15,8,0,1,centre,677068.0
82,3,19.83444074142392,1,7,1,0,peripherie,363736.0
104,2,14.54705896806284,16,5,1,1,centre,546865.0
51,2,16.641214218431728,29,2,1,0,residentiel,251665.0
106,6,6.68152762106546,12,7,0,0,residentiel,553560.0
52,1,5.89551988374422,12,6,0,1,peripherie,326096.0
86,3,12.465178410081998,42,2,0,1,peripherie,403411.0
37,3,18.570360852774257,20,8,1,0,centre,207480.0
44,6,13.368374059243925,54,11,0,1,residentiel,236107.0
125,5,1.2998190998688808,39,1,0,1,peripherie,569104.0
114,5,21.779511904847073,14,2,1,1,residentiel,526515.0
73,1,2.084828891120724,72,1,0,1,centre,352494.0
77,1,23.91769985115843,51,0,0,1,peripherie,255329.0
86,4,1.1159779777931818,73,3,1,0,peripherie,365702.0
123,6,17.514036175202364,52,4,1,1,residentiel,565031.0
65,5,2.514073060938651,51,5,0,0,residentiel,399813.0
43,2,22.81157619616092,29,4,1,1,residentiel,200688.0
133,3,11.878614287525798,32,0,1,0,centre,642146.0
51,1,3.869332483016877,56,2,1,1,peripherie,255194.0
66,3,8.849984644851242,51,0,0,0,peripherie,251162.0
105,3,4.53820454599567,8,10,0,0,peripherie,462774.0
42,4,4.679256833148705,53,4,0,0,centre,266674.0
85,5,23.728653844200334,0,4,1,1,residentiel,493968.0
46,1,11.40852975097731,43,11,0,1,centre,266734.0
125,3,19.825655465681308,74,10,0,0,residentiel,485216.0
21,1,16.170336248853204,79,5,0,1,peripherie,50000.0
109,2,17.072445877290612,8,7,1,1,centre,569599.0
36,4,3.7264892425649436,31,9,0,1,residentiel,327532.0
123,2,6.237518946979399,14,11,0,0,residentiel,573696.0
52,1,19.775383211283703,11,0,0,1,peripherie,248629.0
28,1,24.28377205863218,77,3,0,1,peripherie,61992.0
62,5,6.935553243666967,56,9,1,1,peripherie,306992.0
137,3,7.1534347364004764,7,10,1,1,residentiel,702975.0
67,3,12.085979753867168,71,0,0,1,centre,318452.0
58,2,24.604087664958225,26,8,0,1,residentiel,250225.0
112,4,7.089494172748541,61,10,1,0,residentiel,526976.0
61,6,10.470811786039466,11,6,0,0,residentiel,354798.0
138,3,22.341260382775914,64,6,0,0,residentiel,522689.0
45,5,0.5715652992233692,41,11,1,0,residentiel,314087.0
118,2,1.474266142219954,61,4,0,1,residentiel,556693.0
69,2,15.299756088244871,10,6,1,1,centre,422404.0
44,6,22.73081403546475,42,11,0,1,residentiel,250325.0
43,5,6.351988179847227,16,1,0,0,residentiel,264520.0
32,4,12.00622347967737,31,3,0,0,residentiel,196283.0
79,5,11.536399890616549,39,6,1,0,residentiel,404343.0
26,4,12.08779797934,22,2,0,0,residentiel,184080.0
76,5,15.751732545378758,55,1,0,0,peripherie,303672.0
55,5,12.008722193271753,5,9,1,1,peripherie,319796.0
64,1,11.462969462400217,49,1,0,0,residentiel,272218.0
39,2,12.120066300565883,36,0,0,1,residentiel,241375.0
84,5,14.976252311140517,63,4,0,0,residentiel,383613.0
27,6,13.65668346460828,53,11,1,1,peripherie,127065.0
129,5,21.426331942437354,71,5,0,1,peripherie,499109.0
35,3,1.712672910594832,48,5,0,1,residentiel,227091.0
33,2,20.916268251088805,10,8,0,1,residentiel,185965.0
95,3,21.17615300898724,48,3,0,1,residentiel,418701.0
134,2,7.480246527508541,20,0,1,1,residentiel,633014.0
106,3,11.839872897888341,65,5,1,1,residentiel,496560.0
34,5,11.24419296916717,62,4,1,0,residentiel,187592.0
111,5,5.853490941676192,27,9,1,0,residentiel,602331.0
117,1,10.221522753614753,16,5,1,0,centre,569348.0
85,6,1.5875004181859336,5,2,0,1,peripherie,459909.0
51,3,7.306640783152494,18,1,1,0,peripherie,236492.0
106,4,20.50871329854259,55,5,0,1,residentiel,514494.0
82,1,7.471776393190989,27,0,0,1,residentiel,436364.0
105,3,20.546063384332065,65,6,1,0,centre,441730.0
70,3,13.524186882808555,37,6,0,0,centre,347660.0
44,1,22.056635595348418,36,9,1,1,residentiel,236775.0
77,5,14.582099079478173,67,6,0,0,residentiel,355695.0
82,3,1.2268714650861257,48,11,0,1,peripherie,404754.0
81,5,17.047795084903687,42,10,0,0,residentiel,384504.0
41,1,1.598912416577432,35,9,0,1,residentiel,280684.0
77,5,11.539626965086782,57,0,1,0,residentiel,394236.0
77,2,23.270954014591293,12,3,0,1,centre,387488.0
105,4,4.547496513777329,51,6,0,1,centre,534402.0
68,3,10.05187264706783,57,10,0,0,peripherie,230867.0
71,6,18.381577566787723,31,8,0,0,peripherie,301974.0
61,4,22.115334624323765,59,4,0,0,residentiel,200499.0
89,5,16.938103616191444,57,1,1,1,residentiel,435692.0
34,3,6.825244727683645,55,6,0,1,peripherie,152911.0
73,5,17.027892396447296,27,9,1,0,centre,465100.0
126,2,7.769827207050205,0,0,1,0,peripherie,581584.0
79,1,18.101516130559013,41,6,0,0,residentiel,327014.0
120,3,23.873811625833493,47,5,1,1,residentiel,490737.0
116,2,18.174139552104062,39,6,1,1,residentiel,502132.0
27,2,21.640572321354103,62,9,0,0,residentiel,107692.0
72,3,0.5515441578091436,75,2,0,1,peripherie,311542.0
79,5,18.080517055924062,71,2,0,1,centre,457403.0
127,6,20.82489514319863,79,6,1,1,residentiel,568537.0
127,2,1.4936890698446947,3,1,1,1,centre,708895.0
24,4,21.854144318561648,37,0,1,1,peripherie,69088.0
122,2,6.789008593596123,26,8,0,1,residentiel,618524.0
87,6,16.79965649846235,8,8,0,0,peripherie,374858.0
25,5,20.10869453607346,15,6,0,1,residentiel,188430.0
128,5,16.73528056995421,55,6,0,0,centre,622021.0
115,4,2.760977405794802,75,2,0,0,centre,566616.0
135,2,15.109877212079024,30,9,1,0,residentiel,657840.0
113,5,13.964799589692518,13,1,1,1,centre,604956.0
66,6,22.55787106781965,24,10,1,0,residentiel,382536.0
118,3,10.403873376283125,33,6,0,0,centre,551913.0
74,1,8.366486878632728,66,8,0,0,residentiel,340693.0
59,1,18.87134372869342,23,0,0,0,residentiel,246490.0
71,1,10.610545489043217,72,3,1,0,residentiel,289160.0
35,2,16.329356287624044,25,5,1,1,peripherie,124815.0
32,4,16.33802720805287,19,6,0,1,residentiel,198800.0
133,5,22.256957076822886,63,9,0,0,peripherie,506705.0
125,3,15.167963856817886,9,6,0,1,centre,644335.0
49,6,12.80276344406868,66,9,0,1,residentiel,286511.0
38,3,3.9023474967146665,23,1,0,0,residentiel,213230.0
36,6,3.3355713636282815,4,3,0,1,residentiel,339482.0
139,2,4.280878349435445,66,4,0,1,residentiel,620754.0
82,1,4.710287792513816,57,11,1,0,residentiel,411869.0
38,2,16.12798877025903,26,0,0,0,residentiel,180006.0
111,4,18.654040631727174,79,0,0,1,residentiel,462843.0
77,4,13.484792311697259,14,9,0,1,peripherie,368405.0
74,6,20.81093444736453,34,2,0,0,peripherie,275255.0
109,5,24.785949054974015,75,9,0,1,residentiel,451660.0
120,5,20.590309413424222,52,2,0,0,centre,519040.0
109,6,17.524618155061,43,11,0,1,peripherie,468232.0
136,4,13.546071136210092,25,7,0,0,peripherie,569022.0
81,4,11.49690025603035,46,8,1,0,residentiel,423291.0
42,4,2.5676133233412877,33,10,0,1,residentiel,279415.0
28,2,10.284534335669928,49,11,1,0,peripherie,110502.0
31,4,22.79829860116229,11,0,0,0,peripherie,117007.0
136,3,20.296554432710547,3,10,0,1,residentiel,642983.0
20,1,5.793258442786336,47,1,0,1,residentiel,118848.0
77,4,11.93189072508179,54,9,0,0,peripherie,324694.0
20,6,20.509718462684344,0,1,1,1,peripherie,137950.0
130,1,2.150921592245302,65,3,1,0,peripherie,530755.0
53,2,9.991118348882154,29,1,1,0,peripherie,221344.0
115,6,21.370110303411717,2,6,1,0,centre,629338.0
137,1,10.395497672168032,20,8,0,0,peripherie,562980.0
67,6,2.401558795920301,48,6,0,1,residentiel,399523.0
108,2,13.79209202904016,61,11,0,0,peripherie,384568.0
123,3,21.612691125498237,37,5,1,1,residentiel,588538.0
128,2,14.961995802352414,14,9,1,0,peripherie,539858.0
136,2,6.043838151248679,51,0,0,1,residentiel,634154.0
20,6,9.913870693365842,78,10,1,1,residentiel,158812.0
35,5,11.52802234895734,45,9,0,1,centre,273673.0
80,4,14.692025668602907,24,8,0,0,residentiel,399664.0
122,4,19.10410013093902,20,4,0,0,peripherie,499719.0
83,3,2.9224036321955675,4,10,1,0,peripherie,380122.0
82,3,22.296474808930377,69,4,1,1,residentiel,383338.0
88,4,0.801587723893852,46,5,0,0,centre,483897.0
41,5,9.566282199519254,67,8,0,1,peripherie,199218.0
112,4,1.1717975943301124,17,7,0,1,peripherie,569692.0
138,5,10.127868520959636,20,7,1,0,peripherie,621123.0
86,3,13.382408672396432,22,7,0,1,peripherie,399890.0
95,1,13.036193971247037,63,0,0,1,peripherie,343983.0
45,6,4.557894502192501,66,0,0,1,residentiel,279336.0
35,3,16.3206424973425,39,7,0,0,peripherie,125670.0
70,3,1.5970720373643714,9,4,0,0,residentiel,381548.0
120,2,19.166717093244177,51,8,1,0,peripherie,472791.0
105,2,23.692788632841882,71,1,0,1,peripherie,343995.0
76,2,8.824336265202389,74,8,1,1,centre,417041.0
48,6,13.172364852001133,60,11,0,0,residentiel,259017.0
97,2,9.783301812440952,63,7,0,1,centre,493499.0
111,5,0.6644045624494689,4,8,0,0,centre,672429.0
88,4,9.95392532093034,52,3,1,1,residentiel,445187.0
66,1,19.89714635190299,54,0,1,1,peripherie,242307.0
132,3,15.101726633495304,36,0,1,1,centre,626887.0
113,5,2.980867908071394,55,4,0,1,residentiel,605779.0
129,1,21.254917497497733,58,1,0,0,peripherie,422954.0
81,5,13.511590949688449,68,7,1,0,peripherie,343824.0
135,5,21.122222362744566,72,9,1,1,residentiel,588703.0
88,3,14.71542721023322,58,10,0,0,peripherie,341454.0
95,4,14.212366898529528,1,4,1,0,residentiel,454455.0
35,2,3.0788500373268035,64,4,0,1,centre,265716.0
109,6,4.600313461896385,59,1,0,0,centre,539919.0
109,4,24.31461878416648,50,6,0,1,centre,542055.0
67,6,6.0979252954918834,29,7,0,1,residentiel,375167.0
104,3,24.447576890764015,10,9,0,1,peripherie,461414.0
58,3,13.531861309844453,75,0,0,1,peripherie,191964.0
119,3,3.82683165306646,38,1,0,1,residentiel,567041.0
52,1,2.932903967465477,76,9,0,1,residentiel,261489.0
113,6,5.6171697322906295,71,3,0,1,residentiel,529442.0
120,4,23.178114585620726,62,4,1,0,peripherie,438942.0
42,4,10.646680496041556,63,1,0,1,peripherie,155728.0
29,5,10.188139565826402,60,0,0,1,centre,227113.0
137,5,8.173553396219264,53,8,0,0,centre,673681.0
88,5,4.1030153388814155,72,0,1,0,residentiel,434755.0
119,3,12.452354331213957,57,3,0,1,residentiel,529401.0
53,4,3.686170671522898,55,1,0,0,residentiel,291116.0
71,6,20.969265791367025,33,10,0,1,residentiel,389359.0
114,3,9.574726163745009,30,3,1,1,residentiel,583279.0
29,1,9.68268741065401,51,7,0,0,residentiel,134186.0
38,5,12.113157497837319,75,7,0,1,residentiel,174584.0
77,3,11.381128972560914,0,10,0,0,residentiel,353139.0
115,3,24.87402033995338,54,11,0,1,peripherie,442919.0
20,1,13.861837469848412,21,8,1,0,peripherie,50000.0
139,2,2.660941742851832,39,10,1,1,peripherie,639404.0
88,4,15.368494868634784,0,11,0,0,peripherie,435076.0
128,6,4.2138151753120585,64,4,1,0,residentiel,593215.0
23,2,1.2579722959178783,62,6,0,0,residentiel,109444.0
35,5,24.28318276509258,53,2,0,0,peripherie,112632.0
43,3,19.451702842596816,41,9,1,1,centre,203276.0
99,1,24.51267031413729,20,3,0,0,residentiel,414151.0
138,1,12.20802197654494,78,9,1,0,residentiel,621185.0
21,4,13.540309513149914,21,8,0,1,residentiel,147697.0
132,2,4.624255420018691,37,9,0,1,residentiel,609609.0
111,4,6.5492319533558465,79,9,0,1,residentiel,535728.0
51,3,21.04445576511929,7,11,0,1,peripherie,202176.0
110,4,9.226548354381057,61,0,1,0,residentiel,529078.0
103,6,20.756966858012266,46,1,0,0,peripherie,381518.0
43,1,17.87083624503228,16,4,1,1,residentiel,281662.0
31,1,4.840687669160705,16,2,0,1,peripherie,183815.0
69,5,12.932435969933682,12,1,0,1,residentiel,382888.0
54,5,17.09598937720856,16,0,1,0,residentiel,338333.0
52,3,6.258411762693715,37,9,1,0,centre,364784.0
52,6,20.851868507741884,77,2,0,0,centre,261734.0
80,2,13.848277609857076,44,0,1,1,residentiel,339351.0
70,4,4.548430235843779,5,11,0,1,residentiel,407243.0
62,3,14.78311844103276,34,0,0,0,residentiel,312194.0
120,5,24.992988201819895,13,11,0,0,centre,550521.0
31,4,4.187776545753632,71,0,1,1,peripherie,143500.0
86,5,20.51054478792844,60,7,0,1,peripherie,320261.0
84,4,5.57907057809517,14,2,1,0,centre,507132.0
52,2,19.66851407177214,53,10,0,1,residentiel,257950.0
59,3,18.497159116474624,26,0,1,1,peripherie,285775.0
93,4,7.861989947210593,12,6,0,1,residentiel,476163.0
62,6,8.482666380329022,30,9,1,1,residentiel,398227.0
63,1,19.91677410309152,34,2,0,0,residentiel,233194.0
48,6,11.80541504123916,59,7,1,0,centre,302317.0
32,6,18.405041703439316,5,3,1,1,residentiel,256087.0
31,1,4.125611610462951,68,3,1,0,centre,231695.0
114,6,21.387665656588062,57,4,0,1,residentiel,459708.0
65,4,17.91667555871682,48,5,1,1,centre,371558.0
21,4,22.72009881645343,22,6,0,1,peripherie,124262.0
134,4,3.743123286356825,33,3,1,0,residentiel,663405.0
133,1,15.028855258834643,25,7,1,0,centre,640964.0
54,6,15.178454333487966,46,5,0,1,residentiel,280200.0
106,1,9.15978814339617,4,0,0,0,residentiel,533060.0
100,4,11.732427401946817,19,0,0,1,residentiel,486917.0
109,6,1.43054830060141,5,8,0,1,residentiel,611389.0
27,6,18.773570946361794,69,9,0,0,centre,158637.0
112,5,13.958400745377764,58,5,0,1,residentiel,525050.0
45,5,1.9146557707947576,63,9,0,0,residentiel,297040.0
93,2,17.178519377531895,17,7,0,0,centre,438923.0
109,3,11.936160892164104,3,6,0,1,peripherie,507337.0
53,5,1.3443008559125,16,11,0,1,residentiel,373472.0
134,1,24.255389307778337,13,5,1,0,residentiel,558898.0
124,5,23.75324750569129,77,3,0,1,residentiel,517488.0
26,2,13.06610919560634,12,6,1,0,residentiel,222152.0
87,6,2.7949743072947997,6,8,0,0,peripherie,404605.0
77,2,18.9882199291655,43,10,0,0,centre,357711.0
136,6,12.552311952590362,14,9,1,1,centre,745731.0
133,6,7.909963218089808,18,9,0,0,centre,690117.0
128,3,12.53974534944964,62,6,0,1,centre,686267.0
94,5,13.29988156243388,34,0,0,1,centre,518368.0
48,1,14.28643662604731,34,9,0,1,residentiel,216688.0
139,1,11.3099809845555,18,8,0,0,residentiel,568196.0
55,4,15.341004926906889,19,3,0,0,peripherie,243313.0
108,6,23.009000409856245,34,2,0,0,centre,499978.0
40,1,9.375568133915483,31,3,0,1,residentiel,254108.0
55,3,18.280053348888753,47,3,0,1,peripherie,205448.0
29,6,22.41408764219369,43,9,0,1,peripherie,112242.0
120,3,11.671492256118455,23,10,0,1,residentiel,568819.0
92,1,11.36466799135665,60,1,0,0,residentiel,407486.0
43,1,15.251866141192098,16,11,1,1,peripherie,220408.0
83,4,14.989465605850958,70,0,0,1,residentiel,415036.0
118,1,20.261438886993787,49,11,0,0,centre,517407.0
68,6,12.173842902568172,64,9,0,0,peripherie,306749.0
118,6,24.90501226616631,31,11,1,1,residentiel,589717.0
131,6,1.957053437248379,35,0,0,1,centre,724696.0
55,4,0.5776122902271925,12,7,1,0,residentiel,347832.0
101,4,16.184858633210784,69,1,0,1,residentiel,456488.0
132,1,7.811655352865979,57,11,0,0,peripherie,530528.0
122,2,6.389368523137353,13,9,1,0,centre,642049.0
115,2,8.141527460104871,36,4,0,1,peripherie,481759.0
43,4,6.77316534507138,78,11,0,1,residentiel,184885.0
42,1,1.2543562166809723,67,3,1,1,residentiel,275519.0
81,2,24.302559538569422,39,7,1,0,centre,395230.0
115,1,5.908264467093153,58,1,0,0,peripherie,421741.0
56,1,18.483729183438005,79,9,0,0,peripherie,172150.0
31,1,19.183611670007295,15,8,1,0,residentiel,197861.0
132,5,23.26680625117712,61,6,1,0,centre,627708.0
74,6,1.2484616987878092,3,6,1,0,residentiel,440639.0
32,1,21.86518429195169,44,0,1,0,peripherie,61972.0
42,5,13.417041430575106,27,11,0,0,centre,269643.0
108,4,15.997330694162784,65,1,1,1,residentiel,517836.0
118,2,16.289521789465326,30,3,0,0,residentiel,525161.0
124,6,20.585046222125825,2,3,0,0,residentiel,654310.0
49,2,8.668479392898208,7,10,0,1,residentiel,260138.0
36,6,18.45975415156984,23,2,0,0,centre,240976.0
132,2,13.450163688193829,14,6,0,1,peripherie,528731.0
81,6,19.93815335048102,42,11,1,0,residentiel,412733.0
103,2,24.76837780286827,30,7,0,0,residentiel,451983.0
131,2,5.41594992639215,72,1,0,0,residentiel,601697.0
108,2,24.86889171821995,44,3,1,0,residentiel,451272.0
105,2,2.7003977799279633,65,2,0,1,peripherie,402616.0
32,4,0.5567799236679397,7,1,0,1,residentiel,264098.0
78,1,1.5819674363568659,70,11,0,0,residentiel,372183.0
38,3,8.873668916050661,56,5,1,0,residentiel,184014.0
68,5,16.00620510162164,79,3,0,1,residentiel,302454.0
119,3,2.191223751752316,29,5,0,0,residentiel,547104.0
31,3,0.6388124559743982,73,1,0,1,centre,217147.0
80,6,23.45873019724047,17,11,0,0,centre,448606.0
124,1,20.637202580528278,68,3,0,1,peripherie,473974.0
38,6,20.324987692906262,38,10,0,0,centre,205382.0
95,1,22.168394749798438,59,5,0,0,centre,385686.0
28,1,17.65083968291656,42,4,1,1,peripherie,108249.0
90,2,3.0579011788279953,44,2,0,1,centre,495760.0
47,4,10.277954607806215,22,7,0,0,residentiel,249455.0
97,2,18.217162418383424,68,6,0,1,residentiel,421551.0
114,4,7.368194289392262,5,2,0,1,centre,628029.0
71,6,17.341455921337822,55,5,1,0,residentiel,281589.0
102,4,1.1002119825574825,3,3,0,1,centre,589157.0
130,6,8.000364851550033,22,10,0,0,peripherie,584193.0
35,3,13.95369323879073,5,4,1,1,residentiel,262419.0
136,3,15.986200822902935,31,10,0,1,centre,685750.0
88,4,14.637496279316816,17,4,0,0,centre,422066.0
118,4,17.59502876379902,14,6,0,0,residentiel,555579.0
31,6,0.6491743318760572,39,10,0,0,centre,276979.0
44,2,2.9730593994492764,72,4,0,0,residentiel,215555.0
71,6,21.789134180839053,73,10,0,1,residentiel,308892.0
104,2,17.20284178020895,5,2,0,0,peripherie,425944.0
119,3,3.266825245807277,62,9,1,0,residentiel,597124.0
72,1,21.13082371626519,66,4,0,1,peripherie,242647.0
42,4,6.43466483670189,10,6,0,1,peripherie,244018.0
35,2,12.217367162782976,42,4,0,0,centre,197259.0
76,6,4.057314565674178,16,4,0,1,peripherie,432706.0
58,3,17.897696382331812,3,8,0,1,peripherie,239838.0
128,2,16.83793331484956,62,2,1,1,residentiel,543218.0
72,6,5.672255543570336,67,5,1,1,peripherie,323792.0
61,4,21.653318787996547,40,0,1,1,residentiel,305431.0
77,4,10.331997593382948,4,9,1,0,residentiel,457932.0
58,5,7.666619731233174,31,4,0,0,peripherie,265447.0
33,1,4.232074941881119,69,7,0,1,residentiel,154353.0
114,5,7.021116306630668,34,4,0,1,residentiel,616337.0
24,3,1.0396595699835165,21,8,0,1,centre,268143.0
54,2,14.789808565174832,64,10,1,1,peripherie,229374.0
106,3,21.134653285426722,21,5,0,0,peripherie,415574.0
112,6,13.950021011320224,10,7,1,1,residentiel,611700.0
126,4,5.872212067134955,76,9,0,1,peripherie,550594.0
94,5,1.3248948662398816,2,7,1,1,residentiel,549731.0
37,5,5.75838779484067,8,2,1,0,centre,305601.0
130,5,10.694974987741762,59,6,1,0,residentiel,580170.0
95,3,19.110480003145014,75,6,1,1,peripherie,345199.0
28,4,5.102149887175465,13,9,0,0,centre,247426.0
93,2,18.13489060718981,17,11,1,1,centre,531883.0
77,6,21.73986997462115,72,5,1,0,peripherie,269656.0
127,2,11.621697778654749,22,11,1,1,peripherie,600033.0
36,3,20.625083795243537,73,6,0,1,residentiel,129539.0
121,6,14.089105026859842,46,1,0,1,residentiel,530023.0
26,5,16.108725508482173,68,8,1,0,peripherie,112884.0
65,1,13.393822278285967,46,9,0,1,peripherie,302241.0
32,3,11.847731560407873,29,9,1,1,residentiel,203240.0
59,3,6.249009323508309,24,0,0,0,peripherie,227082.0
61,4,7.928254456795628,27,0,0,1,peripherie,308524.0
28,2,7.604267914118421,24,2,0,0,peripherie,101706.0
69,3,14.30057880836846,73,2,0,0,peripherie,251864.0
46,3,3.438865479085303,77,0,0,0,residentiel,247651.0
85,5,22.961396422207212,57,11,0,1,residentiel,393801.0
24,5,18.156051059436276,40,6,0,0,residentiel,153698.0
48,6,10.335417957373243,24,3,0,1,residentiel,323841.0
56,1,4.38629154089626,77,9,0,0,peripherie,230097.0
57,4,22.10880815818008,47,1,1,0,peripherie,211049.0
102,1,20.682563207478548,9,9,1,1,residentiel,507188.0
27,6,18.182178041570893,74,4,1,1,residentiel,166072.0
131,5,7.152902661575438,10,5,1,1,residentiel,696948.0
128,2,10.359942617124888,20,8,1,0,residentiel,685233.0
84,5,3.0173321850843724,44,3,0,0,residentiel,437279.0
105,4,5.131468355824527,6,1,1,1,centre,577396.0
135,5,19.683907614259954,63,4,1,1,residentiel,606271.0
36,4,18.018448611841755,63,2,0,0,centre,182072.0
90,4,15.0404011929104,1,1,0,0,centre,475039.0
108,4,22.445304785191237,75,11,1,1,peripherie,455577.0
64,6,14.790029686419611,41,0,0,0,residentiel,342400.0
23,4,11.940715999108463,53,9,0,1,residentiel,153267.0
55,4,8.839083284491187,74,1,0,0,centre,255866.0
89,2,23.540988390536228,15,5,0,0,centre,424384.0
50,1,2.5265288073466605,17,7,0,1,peripherie,246672.0
38,3,23.306740615489804,58,2,0,0,residentiel,140487.0
80,1,20.754509168309948,15,10,0,0,peripherie,302835.0
127,4,3.6832831511246815,5,8,0,1,residentiel,694017.0
73,2,14.342116763043713,56,11,1,0,residentiel,342073.0
58,5,21.73042555285263,46,8,1,0,residentiel,265239.0
110,2,14.509324508375267,47,1,0,1,peripherie,410479.0
93,4,22.726395628235245,41,7,1,0,residentiel,415357.0
109,2,23.60310351199304,75,9,0,0,peripherie,370378.0
38,2,10.848420793515494,59,10,0,0,residentiel,171969.0
58,4,9.744184704454929,76,11,0,1,residentiel,311678.0
86,6,23.439868272244343,3,4,0,1,peripherie,357691.0
64,2,17.040931498166866,1,3,0,1,peripherie,267793.0
32,3,3.3425556930301474,58,9,0,0,residentiel,189624.0
133,3,1.5361478559556894,26,4,1,1,centre,707636.0
111,2,14.333411749432946,26,3,1,1,residentiel,525315.0
77,6,23.289188653241403,78,7,0,0,residentiel,312582.0
39,5,21.18409320894255,71,3,0,1,peripherie,148505.0
111,4,17.058269788376244,6,9,0,1,residentiel,547382.0
91,3,3.9083382978316443,62,11,0,1,centre,445679.0
80,5,6.728668901843042,45,5,1,1,peripherie,382880.0
124,2,21.950025050539097,62,1,0,0,peripherie,454770.0
58,5,4.978777298094061,11,4,1,0,centre,423141.0
20,1,7.321765502135647,12,5,1,0,peripherie,136020.0
22,3,3.675215954288328,42,4,0,0,residentiel,181066.0
96,2,17.064651669653074,16,11,1,0,residentiel,461235.0
111,4,23.627566481398635,62,1,0,1,peripherie,428483.0
81,6,7.0897167740869556,35,6,0,0,residentiel,399738.0
82,2,12.147461892326806,7,3,0,0,centre,382820.0
132,4,16.041323622924505,68,7,0,1,residentiel,548016.0
44,6,24.986923081282953,79,6,0,0,peripherie,104900.0
75,6,3.0677975924405168,35,6,0,1,centre,441970.0
52,2,12.714984587889875,27,8,1,1,residentiel,289874.0
57,5,9.935442937611251,46,0,1,0,residentiel,294674.0
136,5,21.7125940479477,75,9,1,0,residentiel,604952.0
25,6,12.16120940978557,29,5,0,0,residentiel,152107.0
77,5,3.218949352336128,22,5,1,1,peripherie,421848.0
63,1,16.043391559521297,15,5,0,0,residentiel,279454.0
64,6,19.384125147465056,13,11,1,1,residentiel,351291.0
51,6,0.5705906658075575,73,5,1,1,residentiel,308310.0
64,4,21.544438792805423,70,11,1,0,residentiel,226313.0
80,5,5.057563500138808,51,9,0,1,peripherie,403907.0
66,6,14.025699434007757,36,6,1,0,residentiel,389967.0
40,1,10.687038766842528,28,9,0,1,residentiel,220509.0
99,4,18.131518506957995,66,5,1,0,residentiel,433666.0
137,2,9.593459562250676,14,0,0,1,residentiel,641826.0
104,6,21.809197828701915,46,2,0,0,centre,474966.0
94,1,18.39716084349036,45,1,0,1,peripherie,374733.0
120,3,16.368972691041577,51,5,1,0,residentiel,539785.0
55,1,20.00789459128993,18,7,0,0,peripherie,124369.0
118,1,18.973564355745367,76,2,0,1,residentiel,448327.0
38,4,1.3804975355780567,20,9,1,0,residentiel,230242.0
39,2,10.170991669198289,63,7,1,1,centre,296787.0
76,3,23.304778784254,36,7,0,1,peripherie,293338.0
37,5,3.580244590309542,26,4,0,0,centre,295287.0
66,5,18.558865485585255,54,7,1,0,centre,346212.0
124,1,24.377499377715576,28,5,1,0,residentiel,550846.0
68,4,1.778866411601805,19,4,0,1,peripherie,381592.0
33,4,17.213750075351957,24,8,0,0,centre,216965.0
34,5,11.969776461875245,69,6,0,0,centre,253956.0
50,3,14.689793756680693,62,7,1,0,peripherie,195819.0
20,2,2.5908627438659586,35,0,0,0,peripherie,59929.0
136,3,1.5536703207400173,1,10,0,1,centre,748363.0
73,6,16.838233183497582,21,1,0,0,residentiel,376902.0
137,6,20.67108103060759,15,7,1,1,residentiel,668621.0
22,2,19.6593757058577,17,11,0,1,residentiel,131205.0
35,5,13.823240332722815,68,8,0,1,peripherie,193128.0
106,2,2.9467371178363653,53,3,0,0,centre,499140.0
76,4,17.357088873982338,29,11,1,1,peripherie,287457.0
94,6,6.426277647076576,44,9,0,1,residentiel,539984.0
31,1,22.821183217800897,18,10,1,0,residentiel,122475.0
93,1,21.03750130886977,33,9,0,0,residentiel,379903.0
115,5,17.879882693641076,12,8,1,0,peripherie,507785.0
35,4,23.746725917862694,42,3,0,0,centre,216480.0
91,3,1.2698346270261869,61,9,0,0,centre,516527.0
121,4,18.536910413988668,21,9,0,1,centre,580911.0
95,1,8.59094809374193,51,9,1,0,peripherie,429754.0
43,1,22.698614199315948,51,8,0,0,peripherie,142315.0
47,6,7.033542318218451,35,10,1,1,residentiel,327766.0
136,4,18.25898423321792,72,6,1,0,centre,647007.0
27,4,22.002351981444143,18,1,0,1,peripherie,140213.0
111,1,1.5205920503757193,37,8,1,0,peripherie,492867.0
55,3,10.242365700004886,69,3,0,1,residentiel,261713.0
109,5,19.1765712845375,78,7,1,0,residentiel,486615.0
27,5,11.645512792935884,56,6,0,1,centre,175728.0
77,4,7.047689429943086,19,6,0,1,residentiel,417988.0
79,5,5.885231046168156,8,7,1,0,peripherie,380393.0
69,1,3.7221975394512588,31,0,0,0,centre,413462.0
47,1,21.499674216478915,3,4,0,1,residentiel,226112.0
111,4,14.596207379663122,49,1,0,0,residentiel,495123.0
120,4,2.3714311522906715,4,1,0,1,peripherie,580840.0
60,6,9.873217927480567,19,0,1,1,residentiel,367257.0
119,4,9.509474444725193,74,4,0,0,centre,565991.0
83,3,4.952610172381843,36,1,1,0,residentiel,406800.0
46,5,11.169936824068671,21,3,0,0,residentiel,258843.0
137,4,8.636434452131843,57,2,0,0,centre,647126.0
82,2,8.874190784558472,67,2,1,1,peripherie,337860.0
36,6,18.606150665804986,43,1,0,1,centre,254355.0
92,2,5.96995294487731,33,5,1,0,residentiel,446630.0
52,1,16.22556899195621,76,1,1,0,centre,281688.0
136,5,14.480915785082905,41,7,0,0,centre,672741.0
103,4,14.418266552277748,8,7,0,0,residentiel,465603.0
96,2,16.74367998047351,6,11,0,1,centre,526169.0
111,5,13.935359886793522,67,4,0,0,residentiel,469689.0
131,1,22.041750313736422,18,9,1,1,centre,640046.0
48,3,17.051712252781364,30,6,0,1,peripherie,187839.0
32,6,13.90059965859901,34,3,0,1,centre,199888.0
65,5,20.8291964470473,56,0,0,0,centre,314154.0
54,5,15.350590840870254,60,10,0,1,residentiel,242213.0
25,3,7.633034070736885,30,1,0,1,peripherie,146977.0
101,5,5.573825495325995,52,9,1,1,residentiel,538061.0
134,1,4.23203074873563,31,9,1,0,peripherie,577791.0
88,1,22.53665270737949,65,3,1,0,centre,428460.0
66,3,17.89831807905261,58,0,1,1,peripherie,233374.0
44,6,23.465771735025857,9,7,0,0,centre,261361.0
85,4,15.280649240016103,1,8,1,0,centre,458200.0
29,2,12.098321596625357,65,3,0,1,residentiel,195589.0
75,4,1.9630539797867885,59,9,0,0,residentiel,415635.0
49,5,16.95523589787773,16,2,0,0,peripherie,178904.0
133,2,14.764114614321663,15,1,0,0,centre,611986.0
128,3,24.760117892896726,15,4,1,1,peripherie,524448.0
24,3,6.359390055664955,45,2,0,0,residentiel,133674.0
138,6,13.503065204527479,38,9,1,1,residentiel,656870.0
139,2,16.44845471039278,30,6,0,0,centre,629287.0
52,1,16.29248378118742,0,10,0,0,residentiel,287498.0
137,2,14.251691802235866,10,5,1,1,peripherie,664192.0
84,5,19.534736253017023,3,0,0,0,residentiel,368118.0
37,1,5.522039633407003,70,11,0,1,residentiel,171245.0
115,3,18.277866406723188,25,7,0,0,peripherie,472266.0
130,2,15.683497000110686,49,1,0,0,residentiel,506700.0
68,4,22.453840238967047,11,4,1,0,residentiel,341897.0
30,6,21.256263756322753,74,8,0,0,residentiel,142106.0
104,4,8.221102458747556,64,7,1,1,centre,572342.0
45,6,7.26781446189125,46,1,1,1,centre,350166.0
82,5,24.55050643438497,52,8,1,0,residentiel,350892.0
108,4,13.417996932423785,70,4,1,1,residentiel,499895.0
105,2,22.7073136159037,1,9,0,1,peripherie,416936.0
78,2,4.515085082621813,23,5,1,0,centre,464706.0
46,4,16.249063412604272,3,2,0,0,peripherie,247112.0
68,2,20.34157459033436,18,2,0,1,centre,372160.0
96,5,23.71118361486795,25,9,1,1,residentiel,456136.0
52,1,8.764833454917076,74,7,0,1,residentiel,265393.0
117,5,18.262038663139286,39,10,0,1,centre,650524.0
124,6,13.700918721470666,49,9,0,1,centre,641626.0
118,5,1.9854086886284708,42,9,0,0,peripherie,555513.0
20,6,17.404993564069112,74,11,0,0,peripherie,75625.0
40,2,17.407365676827165,66,1,0,0,residentiel,106763.0
131,1,23.299866718740155,11,10,0,1,residentiel,571472.0
74,2,12.684154931139824,66,11,0,1,residentiel,327359.0
25,3,6.141147557407609,26,11,0,1,centre,263178.0
111,2,1.5918136744926392,53,1,0,1,residentiel,552088.0
100,6,10.683233573804689,65,4,1,1,peripherie,454890.0
88,2,7.896959151898795,48,5,0,1,residentiel,410414.0
114,2,19.146663497584953,15,11,1,0,peripherie,440322.0
24,1,9.179560238605642,1,1,1,1,centre,237586.0
121,2,23.752244309713678,59,4,1,1,residentiel,490903.0
22,1,24.076599973200715,53,6,1,0,residentiel,50000.0
72,4,15.712260460333848,29,9,1,1,residentiel,411264.0
42,3,23.25217703186463,37,9,0,1,residentiel,222065.0
120,1,19.140931440605144,27,7,1,0,residentiel,515892.0
72,6,13.898061203890592,24,11,1,0,peripherie,313131.0
56,4,4.917544417858064,9,6,0,1,peripherie,289443.0
93,1,11.735649616089079,59,7,0,1,residentiel,440657.0
93,1,14.241424352384131,41,11,1,1,peripherie,412748.0
102,3,21.66705872800775,39,8,1,0,residentiel,440270.0
36,6,12.29266772512379,76,4,0,0,peripherie,135044.0
104,5,22.493029480609938,41,4,0,0,centre,439104.0
97,5,17.021549986074987,46,10,1,0,centre,447661.0
92,1,3.8564770448149486,36,9,0,0,residentiel,489730.0
129,2,24.877043548464776,79,3,0,1,residentiel,519894.0
20,6,13.41720018847086,21,8,1,0,residentiel,179781.0
70,4,10.100528262022433,56,4,0,0,residentiel,319124.0
64,2,16.6482872295034,26,1,0,0,centre,282285.0
96,2,3.167886192535457,40,9,1,0,residentiel,507743.0
23,6,16.09519684545718,79,7,1,1,residentiel,123145.0
81,1,12.706782012232187,33,6,0,1,residentiel,401831.0
84,1,10.463514714965287,31,7,0,1,centre,450978.0
132,1,23.84899051888303,65,11,0,0,centre,553326.0
123,1,13.302223059935304,11,2,1,0,peripherie,491983.0
51,5,5.868378247013491,39,3,0,0,centre,294934.0
53,1,11.744605244743816,72,4,0,0,centre,260242.0
111,5,23.02499141203048,75,5,0,1,centre,513093.0
114,5,4.814339047599569,72,0,1,0,residentiel,541329.0
91,1,5.741947447861804,9,3,0,1,residentiel,475754.0
58,3,0.8192244100485518,47,10,0,0,residentiel,269014.0
45,4,0.8476562101962959,19,11,0,1,residentiel,345512.0
53,2,20.820094860483557,38,9,1,1,peripherie,210432.0
73,5,18.437003867652418,59,4,0,1,centre,410012.0
137,6,9.198505883072977,65,6,0,1,peripherie,552697.0
22,6,17.608623352075533,64,4,0,1,residentiel,148195.0
69,4,10.18254519459427,50,0,1,1,residentiel,379151.0
31,6,23.845971501946774,35,10,0,0,centre,164086.0
84,3,24.192790694937855,23,6,0,0,centre,385644.0
73,6,10.123447507328914,26,7,0,1,residentiel,385680.0
127,2,21.428436705351267,1,6,1,1,residentiel,624281.0
24,2,19.440681521587923,30,10,0,0,centre,163480.0
113,5,8.094998460708837,56,3,1,0,peripherie,537439.0
113,1,6.1849758080770965,77,7,1,1,peripherie,481126.0
76,3,11.726748934624428,65,4,0,0,residentiel,349762.0
36,5,19.643046595052954,28,9,1,0,peripherie,195350.0
131,3,24.024110725854264,14,8,0,0,centre,623976.0
66,1,19.207687187231027,11,11,0,1,centre,354669.0
42,6,21.452571132950066,27,11,0,0,centre,249959.0
98,6,15.275075501177655,23,9,0,1,residentiel,502244.0
120,1,20.967491855632083,20,4,1,0,centre,584328.0
104,5,19.718311021083732,9,0,0,1,peripherie,442533.0
33,1,9.736145777193862,77,11,1,1,centre,233727.0
85,4,14.023762401957667,17,8,0,0,residentiel,426283.0
94,2,20.216451488747524,13,11,0,0,peripherie,347210.0
70,5,1.6283899876539312,33,4,1,0,centre,461489.0
122,3,20.297942417717834,57,5,0,0,centre,546605.0
57,4,4.858259039201074,75,3,1,1,residentiel,300733.0
83,5,13.109748619475255,21,5,0,0,residentiel,418002.0
117,1,20.30274826912047,69,11,0,1,centre,509649.0
57,1,6.718616414839024,35,7,1,0,residentiel,305977.0
69,1,6.522282263000749,44,2,0,0,residentiel,314573.0
117,1,10.36772776232517,35,4,0,0,peripherie,434165.0
101,3,22.418748540652047,21,1,1,1,peripherie,426583.0
49,4,0.5108481452115932,77,1,1,0,residentiel,258845.0
98,6,22.583885867727407,79,6,1,1,residentiel,458546.0
110,2,4.26827210371939,60,9,1,0,residentiel,541855.0
70,3,24.757116213653312,55,9,1,0,peripherie,235925.0
82,3,23.89375132944247,32,10,0,1,centre,393237.0
117,6,12.619542144986442,44,9,0,1,residentiel,532428.0
71,6,13.06164607140939,35,5,1,0,peripherie,313633.0
57,2,12.29795883675843,19,3,0,1,peripherie,249775.0
116,2,16.068369318658306,17,4,0,0,centre,524979.0
107,6,2.7226817047558103,37,0,0,1,centre,624899.0
98,1,1.2991397343683793,66,6,0,1,centre,512407.0
49,3,1.913721746189522,22,7,1,1,centre,371692.0
138,5,11.386951056417102,15,8,1,1,residentiel,700429.0
125,2,7.2509245108773435,58,7,0,0,residentiel,561473.0
70,2,15.739969278089347,68,4,0,1,residentiel,318337.0
100,6,24.814836089682085,67,2,1,0,centre,487473.0
24,4,9.964917740373414,20,9,0,0,centre,206995.0
48,5,14.559110725560577,77,10,1,0,centre,272795.0
23,5,10.68229544972972,77,8,0,1,residentiel,150836.0
29,2,21.258155859185553,69,5,0,1,peripherie,61727.0
75,1,22.604791884824834,11,4,0,0,centre,381591.0
36,4,21.99521249902887,15,2,1,1,centre,289800.0
93,5,24.372119847641812,13,5,1,1,residentiel,473199.0
36,2,1.1742200359401747,60,2,1,0,residentiel,188785.0
103,5,21.07549597256551,70,9,0,0,residentiel,444346.0
107,4,18.918418239457786,45,11,1,1,peripherie,476478.0
88,4,6.103013030308937,31,5,1,0,centre,475538.0
53,3,23.929842287994425,14,3,0,0,peripherie,201411.0
25,6,4.1303592416336645,43,1,0,1,residentiel,195439.0
72,6,17.148973214780757,16,7,0,1,residentiel,411031.0
85,2,6.009810311989856,40,3,0,1,peripherie,391072.0
96,4,11.06882589496483,53,8,0,1,centre,509934.0
126,3,18.11941747514194,43,6,0,0,residentiel,542246.0
62,3,14.301453729809642,4,11,0,0,residentiel,273611.0
131,5,10.973794867538738,26,1,0,1,residentiel,606235.0
94,5,8.495291557833687,77,3,0,0,peripherie,376096.0
134,3,21.071661564865362,78,4,1,1,peripherie,563634.0
130,5,4.023451582712935,42,2,0,0,peripherie,590635.0
42,4,11.037520474980102,30,8,0,0,residentiel,281720.0
74,1,22.64206050849098,16,4,0,0,centre,353027.0
99,4,21.223313986269208,53,1,1,1,residentiel,450247.0
114,3,10.323073180589644,61,10,0,0,peripherie,497397.0
94,3,19.196154908232053,31,2,1,0,centre,463133.0
137,4,20.667440352367052,39,8,0,0,residentiel,568902.0
35,5,22.27774188808893,12,6,1,1,peripherie,193347.0
27,5,13.840391341706086,34,1,0,0,residentiel,188621.0
23,6,5.509291708340439,4,8,1,0,residentiel,214669.0
123,3,6.755072374346325,72,3,0,0,peripherie,508483.0
23,2,7.744519514019303,28,8,0,1,centre,211563.0
75,6,15.04816077983558,69,1,0,0,centre,386715.0
44,5,1.3038357911509069,24,11,0,0,residentiel,304675.0
86,4,16.083040485109223,21,9,1,0,residentiel,420452.0
115,5,9.426678841491684,65,11,1,1,peripherie,522052.0
86,4,7.733424160996233,44,3,0,1,centre,467302.0
46,6,22.047665982839096,68,4,0,0,residentiel,196602.0
112,3,11.770058691729574,71,1,1,1,centre,532352.0
51,5,2.828799615550973,0,9,0,1,peripherie,301922.0
69,4,20.755295816643052,43,0,1,0,residentiel,302107.0
80,3,1.6672108071944116,74,6,1,1,residentiel,427557.0
70,2,18.305355992120816,38,9,1,1,centre,349143.0
38,4,19.460702433381297,53,0,0,1,centre,219109.0
40,6,9.138763845257024,74,10,0,0,residentiel,197709.0
24,2,20.707302478805776,28,10,0,0,centre,142839.0
101,2,13.133655443483109,53,7,1,0,residentiel,438428.0
111,1,11.850694505183522,15,2,0,1,residentiel,529487.0
61,5,1.6123803959829675,19,9,0,0,peripherie,320329.0
80,4,7.605715244398194,45,5,0,0,residentiel,408670.0
41,2,23.309744286689845,66,6,0,0,residentiel,146459.0
40,1,10.09968710044575,64,9,1,0,centre,194425.0
89,6,13.894162753640824,57,0,0,1,peripherie,360870.0
20,3,13.534531135114168,52,5,0,0,peripherie,53501.0
24,4,14.965561700655986,0,6,0,0,centre,210547.0
124,2,2.002608413260424,65,5,1,1,peripherie,532496.0
31,5,9.373318242568843,28,3,0,0,centre,273393.0
109,1,18.216642710122578,69,0,1,1,centre,522559.0
65,2,5.413726151288081,7,10,1,0,centre,374633.0
53,5,5.487670249885831,28,8,0,0,peripherie,276429.0
68,2,0.7472198638811058,50,3,0,1,residentiel,360440.0
97,4,11.218307201901139,32,6,1,1,peripherie,488633.0
109,4,22.12699232649884,2,6,0,0,centre,502508.0
64,4,1.7715731178890708,59,1,0,1,residentiel,400196.0
46,6,5.182408382652064,34,0,0,1,residentiel,279388.0
92,6,8.0970711893975,68,7,0,1,peripherie,425723.0
45,1,18.427256045823217,75,7,1,0,centre,197246.0
66,4,16.19557202366337,19,6,1,0,centre,375212.0
105,5,10.690625662255448,72,7,1,1,centre,509947.0
130,2,19.097189011830206,38,2,0,1,peripherie,552282.0
75,3,15.435959785594097,3,10,0,0,residentiel,370533.0
113,5,22.452999591601866,18,1,0,1,residentiel,522973.0
126,6,20.54165535389798,44,6,0,0,residentiel,616716.0
82,6,6.693933349185413,42,7,1,0,peripherie,422557.0
67,5,7.150245152037905,12,0,0,0,peripherie,308865.0
80,6,3.571233656913448,12,11,1,1,peripherie,439644.0
100,4,8.755635780077684,59,9,0,0,residentiel,469550.0
45,1,24.98882600861781,56,8,0,1,centre,231007.0
55,2,10.440903631068995,51,10,0,1,peripherie,279368.0
20,1,5.901966649883106,52,3,0,1,residentiel,90941.0
27,2,19.180830669651048,42,11,0,1,residentiel,159843.0
132,2,13.790539584835074,71,3,1,1,residentiel,606025.0
118,1,4.165235513410337,71,2,1,1,peripherie,483784.0
71,5,9.826897188441212,41,5,1,0,residentiel,366899.0
98,2,10.654508030713911,25,0,1,0,residentiel,427051.0
66,1,18.968827663945856,22,5,0,0,peripherie,228487.0
75,2,1.0064485378516594,42,1,0,0,residentiel,378680.0
105,3,7.090981346558607,76,8,0,1,centre,566235.0
33,5,13.18110938223029,27,1,1,0,peripherie,209525.0
109,4,7.086745190094662,8,6,0,0,peripherie,478264.0
47,2,15.896634161765473,19,11,1,1,peripherie,267308.0
106,3,12.305753242228107,55,0,0,1,residentiel,432896.0
97,4,9.361901244059725,38,11,1,0,residentiel,473010.0
107,4,23.75561135832755,50,6,1,1,peripherie,431910.0
21,2,15.987907730068207,11,4,0,0,residentiel,131437.0
128,1,3.68356362056456,78,7,0,0,peripherie,509570.0
45,2,14.22224658736319,54,3,0,1,peripherie,178365.0
33,3,19.627930403422074,77,11,0,1,residentiel,138228.0
78,4,17.857997588573536,10,9,0,0,peripherie,361887.0
75,2,4.716186117733855,25,6,1,1,peripherie,393489.0
134,1,24.324289976482532,41,5,0,0,centre,568526.0
26,2,11.495934320791847,26,4,0,0,residentiel,169424.0
22,5,4.396112591636402,10,3,1,0,centre,306324.0
130,1,4.914795976139624,37,6,0,1,residentiel,596867.0
42,3,2.9067573086324723,42,11,0,1,centre,352510.0
129,4,20.18619365665589,18,4,0,0,residentiel,561161.0
126,2,3.489747110885292,63,4,1,0,peripherie,571344.0
130,1,3.5655687999728,5,0,0,1,peripherie,581372.0
128,5,21.336554561640522,45,1,1,0,residentiel,585764.0
37,1,8.94280006896521,41,4,0,0,residentiel,185491.0
57,6,1.256018655547775,64,2,0,1,residentiel,291172.0
118,5,1.7714348382010665,71,1,0,0,peripherie,554589.0
134,3,3.983175944245441,58,3,0,1,residentiel,606873.0
34,4,5.7281370254043935,51,3,0,0,residentiel,164712.0
83,3,16.79608175884093,46,3,0,1,peripherie,320028.0
108,2,4.354493860044792,6,3,0,0,residentiel,597840.0
138,1,3.412422583838264,10,2,0,1,peripherie,595714.0
120,6,19.23561896616884,60,11,0,0,peripherie,489331.0
47,5,16.940854454567905,67,6,1,1,peripherie,176928.0
93,5,11.165443425653287,24,8,0,1,residentiel,462728.0
58,1,13.958089401262548,11,11,0,0,residentiel,247061.0
76,6,8.143608497997253,25,4,1,0,peripherie,387877.0
36,1,12.321260295766336,11,3,0,1,residentiel,208745.0
122,2,12.913479900077272,42,10,1,1,residentiel,551119.0
105,3,9.98731314386335,50,1,0,0,centre,531074.0
109,5,22.711019161467988,36,1,0,0,centre,536579.0
63,2,0.8935156920346505,45,4,1,1,residentiel,373953.0
44,3,19.66319594573553,52,6,0,0,residentiel,212646.0
36,2,3.547379365412446,79,9,1,1,residentiel,207759.0
32,6,20.039910333161387,12,9,0,1,residentiel,228320.0
103,5,15.58984193407967,53,8,0,1,residentiel,478307.0
44,1,21.16031322794186,56,6,1,0,residentiel,136856.0
87,1,2.889100978201988,3,4,0,0,residentiel,451869.0
29,3,14.195025535444465,74,9,1,1,residentiel,167284.0
86,4,12.776653066423828,48,9,0,1,residentiel,421327.0
124,6,17.801732982602285,6,9,0,1,centre,669241.0
128,3,13.590118521395057,10,5,0,0,residentiel,629332.0
37,4,13.747996894761053,53,10,1,0,residentiel,200472.0
130,2,11.025100617613585,44,11,0,0,residentiel,555083.0
119,6,8.06644338817985,22,2,0,1,residentiel,603974.0
130,2,12.315476850678708,27,4,1,0,peripherie,550975.0
105,5,3.4030627898258143,56,7,1,0,centre,594679.0
53,6,24.057076805085575,25,0,0,0,peripherie,207567.0
130,4,18.00306370885166,24,11,0,0,centre,601885.0
27,5,23.835444358852246,53,0,0,1,peripherie,104412.0
59,1,6.0548208670841,28,6,0,0,residentiel,313736.0
132,4,22.04385499432494,35,4,0,0,residentiel,569224.0
127,3,20.31535462180669,13,4,1,0,residentiel,604102.0
102,1,17.090234105213003,77,0,0,0,centre,456174.0
61,1,15.813215059087542,34,8,1,0,residentiel,277418.0
60,3,8.255466799062814,29,0,1,0,centre,339502.0
120,6,20.502064231643253,16,4,0,1,residentiel,578346.0
25,1,12.787128806253477,66,9,0,0,residentiel,114060.0
71,4,2.2368436093364914,79,8,0,0,peripherie,297237.0
45,5,8.165147440950685,29,3,0,0,centre,278211.0
83,1,23.414778914360525,44,7,1,1,peripherie,323515.0
117,4,21.341666384818733,78,5,0,1,residentiel,439667.0
78,2,24.55668960287521,50,10,0,1,centre,360540.0
75,4,15.885837873800403,46,2,0,1,residentiel,379679.0
78,5,6.563996791940093,52,3,0,1,centre,471062.0
128,4,4.4889687170831625,63,1,0,0,centre,528394.0
89,3,5.07940379490731,37,0,0,1,residentiel,446907.0
120,5,0.9849936295077324,63,7,0,0,residentiel,592234.0
52,6,10.07171171915551,6,0,0,0,peripherie,237347.0
72,2,5.189978172238791,21,10,1,1,residentiel,406036.0
41,3,10.58555878118921,40,0,1,0,peripherie,209343.0
40,6,23.407363580049754,73,3,0,1,peripherie,122870.0
89,4,11.048235132926154,9,9,0,0,peripherie,448797.0
89,5,22.01062017612845,56,11,0,1,residentiel,388033.0
138,2,15.334866782088975,6,9,0,1,centre,726575.0
131,3,6.554723089204102,49,5,0,1,centre,658998.0
23,6,9.21844160185068,51,8,0,1,residentiel,162077.0
113,6,2.556028627625021,32,0,0,1,residentiel,628184.0
94,2,8.669833543102257,0,6,0,1,centre,501494.0
81,4,17.099753164836585,52,9,0,0,residentiel,340452.0
81,2,2.266721776771162,59,10,0,0,centre,441414.0
113,6,5.5323345077117185,33,4,1,1,peripherie,561357.0
114,1,9.845305514626132,3,11,0,1,centre,612691.0
43,3,24.560213656891083,16,7,0,1,residentiel,208431.0
74,2,19.729114662492563,3,6,0,1,peripherie,291263.0
28,6,18.470425289056546,42,3,1,1,centre,216447.0
138,4,3.3466784348734264,3,3,1,0,residentiel,735797.0
22,6,19.63439939356729,0,5,1,0,peripherie,103255.0
134,4,19.73908588214237,70,5,0,0,residentiel,593825.0
50,2,15.227016042796043,49,8,0,0,centre,268102.0
59,4,24.763863658960112,72,11,1,1,residentiel,250606.0
120,5,8.468720695151521,60,4,0,1,residentiel,522108.0
55,5,23.561174981925365,34,7,0,1,residentiel,226569.0
43,5,22.910912316434338,7,4,1,0,centre,273015.0
114,1,0.7812761638597572,23,1,0,0,residentiel,533639.0
25,2,11.52785489863287,35,5,0,0,residentiel,140096.0
85,6,24.43905370976355,49,8,0,0,peripherie,368942.0
103,6,3.026473378997857,42,2,0,0,residentiel,534047.0
111,1,13.920725012391326,26,0,0,0,peripherie,434860.0
94,4,24.48445892250705,31,0,1,0,residentiel,445626.0
23,1,14.109637890593573,77,2,1,0,peripherie,50000.0
98,4,5.150474922817821,17,9,0,1,residentiel,567066.0
25,4,14.763489137268449,27,4,1,0,residentiel,151026.0
137,3,5.508794061763898,28,2,0,0,residentiel,611624.0
132,6,13.232754440914864,15,8,0,0,peripherie,543177.0
113,5,2.314034338852526,46,7,1,0,residentiel,573866.0
139,4,15.334325395752913,58,2,1,1,residentiel,605464.0
121,3,13.161353508639875,30,8,0,1,residentiel,542515.0
70,6,18.633953534655845,3,5,1,0,peripherie,364939.0
81,5,15.952161543390233,36,6,1,1,residentiel,381115.0
76,4,13.965353579003539,16,3,1,0,residentiel,396110.0
85,4,17.39958180657897,38,3,0,1,residentiel,401421.0
98,1,4.026576882519656,47,11,1,0,residentiel,477710.0
94,1,15.0863117008358,45,1,1,0,peripherie,399300.0
27,6,4.7167097691580535,47,4,1,1,peripherie,167749.0
45,5,23.175294092371082,38,7,0,1,residentiel,263710.0
70,4,2.174185568717303,3,6,0,1,residentiel,384885.0
64,6,11.044181367424434,29,6,0,0,peripherie,316514.0
63,6,17.5470382025584,29,5,0,0,residentiel,353995.0
24,2,11.72154418587234,21,2,1,1,peripherie,50000.0
89,1,2.756333704206108,74,4,0,0,centre,430468.0
45,5,14.057785895104331,65,0,0,0,centre,243379.0
137,4,16.219981766270188,11,6,1,0,centre,691726.0
87,6,17.74291161926744,35,8,0,0,residentiel,458189.0
38,4,9.644865454337593,17,0,0,0,peripherie,162452.0
103,2,14.309669290204674,52,1,0,0,centre,445303.0
116,5,11.541818636003372,70,2,0,0,peripherie,468182.0
39,6,16.965372949430208,0,2,0,1,residentiel,290929.0
132,4,14.797145699458055,57,7,1,0,peripherie,562676.0
31,1,13.381027379198805,5,6,0,0,residentiel,175924.0
66,2,6.613346987537091,69,5,0,1,peripherie,267223.0
20,5,0.549453684831731,43,9,0,1,centre,191004.0
109,2,4.765001045130017,71,9,0,0,peripherie,455669.0
33,1,3.368118014892132,23,10,0,1,residentiel,246745.0
83,5,11.502576252768195,18,3,0,0,residentiel,403433.0
57,2,15.500324693665194,17,8,0,1,peripherie,242831.0
56,3,5.720582712777801,29,0,1,0,residentiel,287872.0
30,1,23.506898851196084,41,10,0,0,centre,169529.0
119,1,0.6637121659852505,32,1,0,1,residentiel,571730.0
96,1,19.4213748715509,73,3,1,1,residentiel,398393.0
126,3,15.817516853495835,11,2,0,0,residentiel,589070.0
22,3,9.652092625668207,26,0,0,0,residentiel,150392.0
52,4,1.736979138103994,38,4,0,0,centre,353003.0
25,6,15.873421008714844,8,6,0,1,residentiel,209814.0
69,2,9.947531065208377,20,1,0,0,centre,381112.0
139,4,23.43854491562387,75,4,0,0,peripherie,514756.0
29,2,13.778756834799266,28,5,0,0,centre,203697.0
24,6,23.52146202669095,32,10,0,1,residentiel,170213.0
42,3,5.90185049009595,61,6,0,1,centre,246426.0
29,6,18.28028480392053,14,0,0,1,centre,226289.0
63,3,15.62260101079378,1,6,1,0,residentiel,336137.0
21,6,18.61550163086714,51,3,1,1,residentiel,166041.0
32,4,5.759362667327151,43,7,1,1,centre,319878.0
59,5,16.792365647825456,53,3,0,1,centre,311596.0
21,4,12.70198962989329,17,5,0,0,centre,212409.0
103,2,18.699211885204747,2,8,0,0,peripherie,413729.0
84,4,8.512593781719536,6,4,0,1,residentiel,494669.0
82,1,22.306397123898687,42,11,0,0,centre,418536.0
120,2,2.565382207978084,37,3,1,0,residentiel,537621.0
92,6,20.276138310384106,36,7,0,1,peripherie,394275.0
36,2,21.602330832469725,57,8,0,1,peripherie,50136.0
28,5,20.52268162848712,32,3,1,1,peripherie,98325.0
94,3,13.061796659413513,58,2,0,1,residentiel,387596.0
34,6,11.240432010753652,10,7,0,0,centre,292460.0
43,2,24.908426019859483,67,4,0,0,centre,186845.0
57,6,6.114712804746972,67,1,0,0,peripherie,267930.0
138,6,13.898461163963093,21,9,0,0,peripherie,627053.0
54,6,16.931550371866976,65,8,0,0,residentiel,264766.0
113,3,17.671257078605084,43,2,0,0,residentiel,486247.0
114,4,5.498604310595178,5,11,1,1,residentiel,620983.0
68,6,16.52285526232513,41,1,1,1,residentiel,391560.0
88,1,20.550054378792765,24,0,1,1,residentiel,405382.0
81,5,1.7254551321172493,56,7,1,1,residentiel,470290.0
79,3,22.832271686470254,54,10,0,1,centre,326030.0
127,2,1.2228493510575453,15,2,0,1,residentiel,608643.0
69,3,9.22129029596566,13,6,0,1,residentiel,406531.0
97,2,0.8874233077075706,38,0,0,1,centre,513383.0
136,3,2.390056629219756,27,0,1,1,centre,690651.0
139,2,22.82362298691194,50,11,1,1,residentiel,626150.0
94,6,9.194090353280622,48,8,0,1,peripherie,440054.0
28,4,10.906902495413796,8,11,0,0,peripherie,146252.0
53,2,5.775937343872539,57,7,0,0,centre,335212.0
95,2,15.128846369574635,44,11,1,0,residentiel,469085.0
118,1,15.072678759605846,21,2,0,0,residentiel,510650.0
54,2,9.618909599717872,31,5,1,0,residentiel,305293.0
20,1,8.65935435923226,68,10,1,0,peripherie,50000.0
59,5,22.1816255504244,68,2,1,0,peripherie,236698.0
83,6,9.890463871233933,41,11,1,0,residentiel,415119.0
41,1,12.590774307783002,52,3,1,1,peripherie,132629.0
79,4,7.440966679410801,58,0,0,0,peripherie,279925.0
83,6,19.77585283224962,73,4,0,1,peripherie,282921.0
112,1,10.237479844027744,38,0,0,1,residentiel,538377.0
91,6,13.083470640335952,14,0,0,1,residentiel,495586.0
30,6,6.707250666461705,70,9,1,1,residentiel,205178.0
124,6,24.697660012360668,28,10,0,0,centre,616531.0
120,5,7.641645652631211,2,10,1,0,centre,655580.0
33,4,19.383192007186015,9,6,0,0,peripherie,148950.0
79,3,10.9736434337406,28,11,0,0,residentiel,376335.0
49,3,5.552326424561427,78,5,1,1,peripherie,221168.0
54,1,20.0931097171391,34,1,0,0,centre,233369.0
104,6,8.673366331211557,5,10,0,0,centre,568948.0
56,1,21.697237011246372,11,11,0,0,peripherie,220162.0
24,5,22.923801030486665,37,1,1,0,residentiel,149086.0
102,5,21.56568396708626,76,10,0,1,centre,473167.0
97,2,1.3576939127667385,18,6,0,1,peripherie,430510.0
45,5,19.790646952625085,66,0,0,0,peripherie,202114.0
81,2,10.577816929229025,7,1,1,0,residentiel,414995.0
23,4,21.906211544464515,7,11,1,0,peripherie,123632.0
108,1,16.1298794357761,46,7,0,0,residentiel,421612.0
128,4,20.924256786526982,3,5,0,1,peripherie,591046.0
61,5,12.736078361737466,50,1,1,0,peripherie,300021.0
108,4,13.608124862673854,66,6,0,1,centre,489071.0
37,4,4.037496987274848,44,3,0,1,residentiel,240709.0
59,4,19.707690287889207,7,1,0,0,centre,325212.0
91,5,10.775045485840804,15,11,1,0,centre,586899.0
58,6,12.751962897653774,76,5,0,1,peripherie,283658.0
123,4,19.734893995344837,66,10,0,1,residentiel,501858.0
33,2,15.171712301946256,8,8,1,0,peripherie,140698.0
51,5,5.426918822345352,59,10,0,1,peripherie,233781.0
70,4,14.960700149196873,77,8,0,1,peripherie,284229.0
57,6,10.487005020501567,76,7,0,0,peripherie,271001.0
116,5,12.003375780074634,70,2,1,1,residentiel,552318.0
42,3,1.1936262228653607,14,2,1,0,residentiel,299551.0
82,6,5.645719063148899,70,1,0,0,centre,420232.0
34,2,7.385432993835193,40,4,0,1,residentiel,218146.0
116,4,17.96752019254074,21,11,0,1,residentiel,544816.0
44,3,0.7815655958038252,23,3,1,0,residentiel,248946.0
36,3,10.515042900113736,43,6,1,0,residentiel,218669.0
116,5,23.138658325430455,0,3,0,1,peripherie,511568.0
130,3,3.2410751054535343,9,8,0,1,peripherie,592726.0
138,2,13.15239751135597,79,11,1,1,residentiel,654801.0
85,2,19.769798368575753,71,11,0,1,residentiel,337944.0
97,1,23.592017034242858,55,1,0,1,centre,442755.0
72,2,18.79602766857609,49,10,0,0,residentiel,293450.0
123,6,18.15385594178795,11,5,0,0,peripherie,576751.0
123,3,20.74895820979618,59,6,0,0,centre,539139.0
70,2,11.43192991394982,25,3,1,1,peripherie,286223.0
58,5,20.24319104913691,77,5,0,1,residentiel,276699.0
70,1,0.6951279162635526,40,6,0,0,centre,430256.0
89,3,23.15174585673172,35,3,0,0,residentiel,361179.0
25,1,11.361009483170795,22,7,0,0,residentiel,159809.0
86,3,14.057814602710817,42,8,0,0,residentiel,394033.0
26,5,6.7446150984146165,5,0,0,0,peripherie,151526.0
70,1,18.692005404590326,68,6,1,0,peripherie,257597.0
91,4,2.377577258643596,42,8,0,0,residentiel,441678.0
61,6,21.879577162397464,24,11,0,0,peripherie,261034.0
83,6,20.788862310655396,17,9,0,1,residentiel,433773.0
135,3,5.793472847996776,61,4,0,0,peripherie,564150.0
34,4,20.32844775798893,12,11,1,1,centre,250665.0
130,1,19.765764460006295,42,1,0,1,peripherie,557710.0
48,4,15.98930664497175,77,9,1,1,residentiel,274694.0
52,4,9.651244334042344,27,5,0,1,residentiel,329081.0
135,1,7.151719477455763,17,11,1,0,centre,722699.0
113,5,6.178697962089076,58,11,0,0,residentiel,540694.0
122,4,8.305919587708376,59,6,1,1,centre,624147.0
46,4,22.637181864096995,62,1,0,1,centre,210144.0
55,5,2.4021990117251413,56,1,0,1,peripherie,257807.0
48,4,20.807346268197488,50,9,1,1,peripherie,180224.0
57,4,9.047806838524677,55,11,1,0,peripherie,247230.0
76,4,13.279185202278276,26,9,0,0,peripherie,338035.0
116,6,19.96489802438802,31,0,0,1,peripherie,523273.0
120,2,22.167225402062797,8,3,0,0,residentiel,542974.0
46,5,8.947144791779852,67,6,1,0,centre,262497.0
74,4,11.815165291240202,45,8,0,1,peripherie,348775.0
52,6,10.65564358801141,66,2,0,0,peripherie,241702.0
87,5,0.8246503208458085,25,11,1,0,residentiel,489858.0
105,3,7.750600777037087,7,10,1,1,residentiel,596517.0
85,3,11.750136226447765,5,6,0,1,residentiel,469470.0
29,4,10.571793417570774,79,6,1,0,peripherie,78284.0
24,6,18.187266074134147,23,6,1,1,residentiel,252438.0
93,6,9.92768862191703,47,1,0,1,peripherie,407862.0
116,5,12.48972299978142,44,5,0,0,peripherie,513821.0
137,5,11.025410507242903,12,1,1,0,residentiel,693242.0
57,6,18.64534064791208,68,5,0,0,residentiel,222341.0
32,5,21.64282377518058,24,9,1,0,residentiel,195325.0
50,6,13.531282435684096,19,2,0,0,centre,344663.0
66,2,19.841088757782185,65,1,0,1,centre,279591.0
119,6,7.77127370948634,73,11,1,1,peripherie,551591.0
128,3,13.763555448853083,44,5,0,1,residentiel,609644.0
107,5,8.958133864914325,46,1,0,1,centre,591278.0
71,6,10.647922676509843,62,4,1,1,residentiel,374005.0
75,6,18.44413968791038,75,1,1,0,peripherie,329755.0
34,5,22.10073081715146,76,2,0,0,residentiel,157085.0
48,2,3.4766370816502525,54,2,0,1,peripherie,224262.0
27,2,16.048661783940823,74,5,1,0,residentiel,96156.0
24,5,14.762523285656062,18,5,1,0,residentiel,152785.0
48,1,3.401168459810331,34,9,0,1,centre,330335.0
66,5,5.691411095782673,52,2,1,1,residentiel,414493.0
87,5,8.119561120950667,25,2,1,0,residentiel,456203.0
95,2,4.589811235028786,13,11,0,1,centre,522959.0
64,2,6.471372321846374,44,0,1,0,residentiel,343173.0
21,5,7.056219572111834,43,6,0,1,residentiel,183366.0
46,5,8.72400890945696,64,7,0,0,residentiel,251364.0
114,5,18.860066093628397,50,1,1,1,peripherie,475858.0
134,2,14.511848994339717,42,3,1,0,residentiel,584562.0
134,5,24.663043462809338,22,9,1,1,residentiel,619229.0
55,5,10.66102776070304,55,6,0,0,peripherie,243866.0
55,4,18.969694309004662,18,7,0,0,peripherie,219321.0
45,1,21.850976323725078,75,0,0,0,peripherie,103832.0
62,3,17.134973079432026,54,3,0,0,residentiel,246893.0
46,1,10.590686140228652,59,5,0,0,peripherie,165470.0
88,4,18.963068453270946,58,2,0,0,residentiel,387024.0
39,3,5.489844875430779,32,4,0,1,centre,297874.0
30,5,8.525028046913244,18,9,1,1,peripherie,233688.0
93,4,13.893788749932575,27,8,0,0,residentiel,431235.0
123,5,14.597529988510633,51,10,0,1,centre,635925.0
57,2,1.0424661490794218,48,2,0,0,centre,338785.0
25,6,23.655297624522213,36,4,0,0,peripherie,63363.0
91,4,17.567368144826055,25,7,0,0,centre,414938.0
42,2,12.64474188068133,39,5,0,1,centre,220714.0
66,4,23.361617243003554,79,3,1,0,residentiel,206725.0
109,4,11.257841348645298,37,7,0,1,centre,582151.0
65,2,24.52067147162411,76,10,1,0,peripherie,193658.0
126,3,13.050976552465386,53,2,1,0,residentiel,565402.0
31,1,3.300001364950497,21,2,1,0,residentiel,204640.0
109,5,19.237623825252292,15,3,0,1,peripherie,497110.0
32,4,17.132994264407092,27,8,1,1,residentiel,231007.0
123,5,19.438174671986875,34,4,0,1,residentiel,570839.0
81,6,23.810329703779185,59,7,0,1,peripherie,325749.0
101,2,19.523987914949945,44,5,1,1,residentiel,463850.0
108,5,15.477746754307848,45,2,0,1,residentiel,543122.0
116,2,21.504068107840602,71,7,0,0,peripherie,359321.0
130,5,16.994537764186024,54,11,0,1,peripherie,536356.0
123,1,10.498916892235115,25,8,0,0,peripherie,532585.0
79,1,22.197684223923446,24,7,0,1,peripherie,334606.0
62,1,5.936561289217135,64,3,0,1,peripherie,262302.0
95,1,18.008711235263743,5,10,1,1,peripherie,422866.0
127,1,22.098304646048547,22,5,1,0,peripherie,550795.0
119,1,18.417254732730758,63,0,1,1,centre,552085.0
131,2,17.583247766819493,42,3,0,1,residentiel,575228.0
87,4,18.939638204759984,22,7,1,0,peripherie,410006.0
24,5,11.893853583365788,29,0,1,0,residentiel,187960.0
139,1,21.917181712847135,76,2,1,1,centre,633586.0
56,2,5.484193640834234,17,0,0,1,residentiel,347130.0
91,2,3.6209671920083126,78,8,0,0,residentiel,397615.0
125,2,7.494965112903533,20,1,0,0,residentiel,624161.0
132,4,13.523646220987333,56,8,0,0,peripherie,475714.0
111,5,13.008763987528784,22,3,0,0,peripherie,434978.0
50,4,20.60466956307637,44,1,1,1,peripherie,193478.0
28,3,10.411932081898426,43,3,0,1,peripherie,119474.0
137,2,12.366438444141961,46,11,0,1,residentiel,632983.0
70,3,0.8275082398551931,39,10,0,0,residentiel,357768.0
